f,Suu,Svv,Sww
0.0,0.0,0.0,0.0
0.0002,0.0002576591606402569,4.428976672463297e-05,5.607964770840804e-06
0.0004,0.0004754177344997306,8.643920974301793e-05,1.1213160922032824e-05
0.0006,0.0006603604830767068,0.00012657067252945859,1.681389118378097e-05
0.0008,0.0008181001428573028,0.0001647980717080766,2.2408760307389255e-05
0.001,0.000953127447981358,0.00020122757998206818,2.7996532648586907e-05
0.0012,0.0010690679390031623,0.00023595824543006774,3.3576080167098225e-05
0.0014,0.0011688728785946708,0.0002690825538595163,3.914635545633979e-05
0.0016,0.0012549629023540939,0.0003006869401251827,4.4706375447193905e-05
0.0018,0.0013293373098087707,0.00033085225363956245,5.025521061654396e-05
0.002,0.0013936580675679945,0.00035965418270675673,5.579197738285551e-05
0.0022,0.0014493149884691645,0.0003871636417907553,6.131583249912971e-05
0.0024,0.0014974767499669416,0.0004134471253726593,6.682596877252146e-05
0.0026,0.001539131155070672,0.0004385670316506669,7.232161170527091e-05
0.0028,0.001575117146418981,0.0004625819589842045,7.780201679841352e-05
0.003,0.001606150444159725,0.00048554697767310047,8.326646734612176e-05
0.0032,0.001632844214587952,0.0005075138793887291,8.871427260193921e-05
0.0034,0.0016557258370375188,0.0005285314063319254,9.414476623256126e-05
0.0036,0.0016752505856514428,0.0005486454619781561,9.955730499773616e-05
0.0038,0.0016918128555898997,0.0005678993050804637,0.0001049512676105835
0.004,0.0017057554225674944,0.0005863337284320465,0.00011032605374369046
0.0042,0.001717377117992601,0.0006039872237404177,0.00011568108315430269
0.0044,0.001726939220562393,0.0006208961338316115,0.00012101579490775823
0.0046,0.0017346708025498172,0.0006370947932839367,0.00012632964668266426
0.0048,0.0017407732205371345,0.0006526156584845724,0.00013162211414461083
0.005,0.0017454239025740188,0.0006674894280073834,0.00013689269037774445
0.0052,0.0017487795541243141,0.0006817451541254014,0.00014214088536549158
0.0054,0.0017509788818166937,0.0006954103461953047,0.0001473662255132678
0.0056,0.0017521449155041688,0.00070851106658296,0.00015256825320723524
0.0058,0.0017523869943860708,0.000721072019737783,0.0001577465264041573
0.006,0.001751802471131758,0.0007331166349685253,0.00016290061824819342
0.0062,0.0017504781784379337,0.0007446671434234804,0.00016803011671112777
0.0064,0.0017484916947656342,0.000755744649733372,0.0001731346242530574
0.0066,0.0017459124397626383,0.0007663691987348355,0.00017821375750100556
0.0068,0.0017428026247890062,0.0007765598376559747,0.0001832671469432947
0.007,0.0017392180797984123,0.0007863346741125245,0.00018829443663781663
0.0072,0.0017352089744052128,0.0007957109302333498,0.00019329528393259853
0.0074,0.0017308204481440868,0.0008047049932070005,0.0001982693591972809
0.0076,0.0017260931625923193,0.0008133324625165559,0.00020321634556430622
0.0078,0.0017210637860839084,0.0008216081941077803,0.00020813593867877961
0.008,0.001715765420127292,0.0008295463417154098,0.0002130278464560944
0.0082,0.0017102279752864403,0.0008371603955540387,0.00021789178884653302
0.0084,0.0017044785031513207,0.0008444632185633727,0.00022272749760615578
0.0086,0.0016985414900702728,0.0008514670803823882,0.00022753471607337355
0.0088,0.0016924391175126732,0.0008581836892130707,0.00023231319895067925
0.009,0.0016861914932501938,0.0008646242217217395,0.00023706271209107663
0.0092,0.0016798168569682513,0.0008707993511144086,0.00024178303228880208
0.0094,0.0016733317634289803,0.0008767192735120657,0.00024647394707398703
0.0096,0.0016667512458892041,0.0008823937327420803,0.00025113525451094974
0.0098,0.0016600889621199225,0.0008878320436531147,0.0002557667629998477
0.01,0.001653357325068135,0.0008930431140527931,0.0002603682910814493
0.0102,0.001646567619939483,0.0008980354653599562,0.0002649396672448223
0.0104,0.0016397301092545226,0.0009028172520565154,0.0002694807297377535
0.0106,0.0016328541272369673,0.0009073962800176472,0.0002739913263797447
0.0108,0.0016259481647241964,0.0009117800237933255,0.00027847131437744565
0.011,0.0016190199456449673,0.0009159756429088885,0.00028292056014240504
0.0112,0.0016120764959831728,0.0009199899972474831,0.0002873389391110376
0.0114,0.00160512420603695,0.000923829661572729,0.00029172633556671647
0.0116,0.0015981688866871116,0.0009275009392458297,0.00029608264246391364
0.0118,0.0015912158203057643,0.0009310098751875404,0.00030040776125432627
0.012,0.0015842698068633415,0.0009343622681318907,0.0003047016017149286
0.0122,0.0015773352057287858,0.0009375636822153226,0.0003089640817779065
0.0124,0.0015704159736019416,0.000940619457941893,0.00031319512736243164
0.0126,0.0015635156989683538,0.0009435347225624365,0.00031739467220824483
0.0128,0.001556637633423725,0.000946314399903011,0.00032156265771101993
0.013,0.001549784720177452,0.0009489632196755792,0.00032569903275948814
0.0132,0.0015429596200113378,0.0009514857263016878,0.00032980375357430353
0.0134,0.0015361647349401279,0.0009538862872778633,0.00033387678354863763
0.0136,0.0015294022297944595,0.0009561691011095656,0.0003379180930904926
0.0138,0.0015226740519238028,0.0009583382048387836,0.00034192765946672624
0.014,0.001515981949196513,0.0009603974811887386,0.0003459054666487831
0.0142,0.0015093274864559465,0.0009623506653476428,0.0003498515051601314
0.0144,0.0015027120605755188,0.000964201351412074,0.0003537657719254024
0.0146,0.001496136914241175,0.0009659529985092123,0.0003576482701212357
0.0148,0.00148960314857698,0.0009676089366159693,0.0003614990090288298
0.015,0.0014831117347181262,0.0009691723720919378,0.0003653180038882037
0.0152,0.0014766635244254421,0.0009706463929419972,0.00036910527575417156
0.0154,0.0014702592598264026,0.0009720339738234733,0.00037286085135403445
0.0156,0.0014638995823594587,0.000973337980811818,0.0003765847629469956
0.0158,0.0014575850409912039,0.0009745611759379183,0.0003802770481853036
0.016,0.0014513160997693443,0.0009757062215093732,0.0003839377499771266
0.0162,0.0014450931447685333,0.0009767756842273122,0.0003875669163511667
0.0164,0.0014389164904808577,0.0009777720391096572,0.00039116460032301444
0.0166,0.0014327863856979817,0.0009786976732310646,0.0003947308597632533
0.0168,0.001426703018927683,0.0009795548892892064,0.00039826575726731436
0.017,0.0014206665233836356,0.0009803459090064516,0.00040176936002708834
0.0172,0.001414676981583807,0.0009810728763755153,0.00040524173970429595
0.0174,0.0014087344295897013,0.0009817378607571156,0.00040868297230562236
0.0176,0.0014028388609157948,0.0009823428598372476,0.0004120931380596169
0.0178,0.001396990230135996,0.0009828898024512205,0.00041547232129535963
0.018,0.0013911884562115497,0.000983380551281222,0.00041882061032289707
0.0182,0.0013854334255627627,0.0009838169054337755,0.00042213809731544966
0.0184,0.0013797249949049721,0.0009842006029031104,0.0004254248781933852
0.0186,0.0013740629938674362,0.0009845333229261215,0.0004286810525099662
0.0188,0.0013684472274122686,0.000984816688234286,0.00043190672333886235
0.019,0.001362877478069082,0.000985052267207607,0.00043510199716343046
0.0192,0.0013573535079997004,0.0009852415759353792,0.00043826698376775886
0.0194,0.0013518750609061206,0.0009853860801883006,0.0004414017961294714
0.0196,0.0013464418637938057,0.0009854871973062282,0.0004445065503142876
0.0198,0.0013410536286014114,0.0009855462980056253,0.00044758136537233667
0.02,0.0013357100537071491,0.0009855647081105415,0.00045062636323621577
0.0202,0.0013304108253211467,0.0009855437102107632,0.00045364166862079
0.0204,0.0013251556187724451,0.0009854845452505765,0.00045662740892472674
0.0206,0.001319944099698553,0.0009853884140514013,0.000459583714133755
0.0208,0.0013147759251448685,0.0009852564787713937,0.000462510716725644
0.021,0.0013096507445807014,0.000985089864304942,0.00046540855157689294
0.0212,0.0013045682008380904,0.0009848896596248407,0.00046827735587111775
0.0214,0.001299527930979141,0.000984656919069774,0.0004711172690091343
0.0216,0.0012945295670971542,0.0009843926635796135,0.0004739284325207159
0.0218,0.0012895727370564234,0.0009840978818809055,0.00047671098997802564
0.022,0.0012846570651751845,0.0009837735316247994,0.00047946508691070334
0.0222,0.0012797821728558838,0.000983420540479558,0.0004821908707225998
0.0224,0.0012749476791665932,0.0009830398071796888,0.00048488849061014463
0.0226,0.0012701532013771274,0.0009826322025336203,0.000487558097482335
0.0228,0.0012653983554531411,0.0009821985703917717,0.0004901998438823302
0.023,0.001260682756511249,0.000981739728576748,0.0004928138839106411
0.0232,0.0012560060192379726,0.0009812564697773358,0.0004954003731498978
0.0234,0.0012513677582751228,0.0009807495624078722,0.0004979594685911817
0.0236,0.001246767588574027,0.0009802197514344893,0.0005004913285619066
0.0238,0.0012422051257208373,0.0009796677591696681,0.0005029961126552347
0.024,0.0012376799862349862,0.0009790942860364673,0.0005054739816610091
0.0242,0.0012331917878427206,0.0009785000113037162,0.0005079250974981905
0.0244,0.001228740149727481,0.0009778855937934096,0.000510349623148778
0.0246,0.001224324692758795,0.0009772516725614923,0.0005127477225931994
0.0248,0.001219945039701208,0.0009765988675531367,0.0005151195607471543
0.025,0.0012156008154046792,0.0009759277802336016,0.0005174653033998923
0.0252,0.001211291646977768,0.0009752389941956735,0.0005197851171539087
0.0254,0.0012070171639448353,0.0009745330757446823,0.0005220791693660409
0.0256,0.0012027769983884065,0.0009738105744620001,0.0005243476280899471
0.0258,0.0011985707850777536,0.0009730720237479232,0.0005265906620199505
0.026,0.0011943981615846852,0.0009723179413447688,0.0005288084404362298
0.0262,0.0011902587683874598,0.0009715488298410077,0.0005310011331513384
0.0264,0.0011861522489636789,0.000970765177157184,0.0005331689104580341
0.0266,0.0011820782498729488,0.0009699674570143759,0.000535311943078402
0.0268,0.0011780364208300545,0.0009691561293858844,0.0005374304021142486
0.027,0.0011740264147693305,0.000968331640932831,0.0005395244589987535
0.0272,0.0011700478879008663,0.0009674944254242986,0.0005415942854493578
0.0274,0.001166100499759149,0.0009666449041426347,0.0005436400534218685
0.0276,0.0011621839132446867,0.0009657834862744934,0.0005456619350657644
0.0278,0.0011582977946591405,0.00096491056928819,0.0005476601026806829
0.028,0.001154441813734435,0.0009640265392978874,0.000549634728674068
0.0282,0.001150615643656306,0.0009631317714151438,0.0005515859855199629
0.0284,0.001146818961082694,0.0009622266300882957,0.0005535140457189277
0.0286,0.0011430514461573768,0.000961311469430161,0.0005554190817590646
0.0288,0.0011393127825192004,0.0009603866335344972,0.0005573012660781287
0.029,0.0011356026573072493,0.0009594524567816564,0.0005591607710267123
0.0292,0.001131920761162269,0.0009585092641338403,0.0005609977688324781
0.0294,0.0011282667882246292,0.0009575573714203572,0.0005628124315654266
0.0296,0.0011246404361291104,0.0009565970856132506,0.000564604931104178
0.0298,0.0011210414059967613,0.0009556287050936701,0.0005663754391032516
0.03,0.0011174694024240622,0.0009546525199093232,0.000568124126961325
0.0302,0.0011139241334696239,0.000953668812023348,0.0005698511657904516
0.0304,0.0011104053106386212,0.00095267785555492,0.0005715567263862248
0.0306,0.0011069126488651537,0.000951679917011902,0.0005732409791988662
0.0308,0.0011034458664927174,0.0009506752555158298,0.0005749040943052227
0.031,0.0011000046852529446,0.000949664123019512,0.0005765462413816529
0.0312,0.0010965888302427798,0.000948646764517518,0.0005781675896777906
0.0314,0.0010931980299002239,0.0009476234182498126,0.0005797683079911619
0.0316,0.001089832015978788,0.0009465943158987786,0.0005813485646426428
0.0318,0.0010864905235207845,0.0009455596827798786,0.0005829085274527414
0.032,0.0010831732908295627,0.0009445197380261722,0.000584448363718684
0.0322,0.001079880059440808,0.0009434746947669164,0.0005859682401922942
0.0324,0.0010766105740930008,0.0009424247603004581,0.0005874683230586437
0.0326,0.0010733645826971278,0.0009413701362616219,0.0005889487779154614
0.0328,0.0010701418363057364,0.0009403110187837834,0.0005904097697532848
0.033,0.0010669420890814128,0.0009392475986558273,0.0005918514629363381
0.0332,0.001063765098264758,0.0009381800614741533,0.0005932740211841198
0.0334,0.001060610624141932,0.0009371085877899185,0.0005946776075536866
0.0336,0.001057478430011836,0.0009360333532516711,0.0005960623844226179
0.0338,0.0010543682821529835,0.0009349545287435445,0.0005974285134726454
0.034,0.001051279949790128,0.0009338722805191552,0.0005987761556739325
0.0342,0.0010482132050606905,0.0009327867703313632,0.0006001054712699918
0.0344,0.0010451678229810397,0.0009316981555580281,0.0006014166197632226
0.0346,0.0010421435814126677,0.0009306065893239031,0.0006027097599010572
0.0348,0.0010391402610283017,0.0009295122206187976,0.0006039850496627006
0.035,0.0010361576452779955,0.0009284151944121322,0.0006052426462464501
0.0352,0.0010331955203552276,0.0009273156517640113,0.0006064827060575817
0.0354,0.001030253675163045,0.0009262137299329312,0.0006077053846967893
0.0356,0.001027331901280279,0.000925109562480231,0.000608910836949165
0.0358,0.0010244299929278663,0.0009240032793714043,0.0006100992167737043
0.036,0.0010215477469352903,0.0009228950070743662,0.0006112706772933284
0.0362,0.0010186849627071783,0.0009217848686547853,0.0006124253707854075
0.0364,0.0010158414421900682,0.0009206729838685728,0.0006135634486727709
0.0366,0.0010130169898393655,0.0009195594692516253,0.0006146850615151998
0.0368,0.0010102114125865103,0.0009184444382069081,0.0006157903590013814
0.037,0.0010074245198063699,0.0009173280010889695,0.0006168794899413188
0.0372,0.0010046561232848717,0.0009162102652859681,0.0006179526022591816
0.0374,0.001001906037186889,0.0009150913352992956,0.0006190098429865909
0.0376,0.000999174078024395,0.0009139713128208697,0.0006200513582563193
0.0378,0.0009964600646248914,0.0009128502968081762,0.0006210772932964038
0.038,0.0009937638181001247,0.0009117283835571307,0.0006220877924246565
0.0382,0.0009910851618151017,0.0009106056667728291,0.0006230829990435601
0.0384,0.0009884239213574018,0.0009094822376382574,0.0006240630556355441
0.0386,0.0009857799245068075,0.0009083581848810205,0.0006250281037586279
0.0388,0.0009831530012052467,0.0009072335948381611,0.0006259782840424176
0.039,0.0009805429835270598,0.0009061085515191184,0.0006269137361844553
0.0392,0.0009779497056495918,0.0009049831366668965,0.0006278345989469025
0.0394,0.0009753730038241181,0.0009038574298174893,0.0006287410101535541
0.0396,0.0009728127163470998,0.0009027315083576229,0.0006296331066871709
0.0398,0.0009702686835317825,0.0009016054475808644,0.0006305110244871221
0.04,0.0009677407476801252,0.0009004793207421502,0.0006313748985473303
0.0402,0.0009652287530550801,0.0008993531991107817,0.0006322248629145066
0.0404,0.0009627325458532051,0.0008982271520219346,0.0006330610506866738
0.0406,0.0009602519741776246,0.0008971012469267314,0.0006338835940119627
0.0408,0.0009577868880113322,0.0008959755494409175,0.0006346926240876749
0.041,0.0009553371391908352,0.0008948501233921819,0.0006354882711596099
0.0412,0.0009529025813801416,0.0008937250308661761,0.0006362706645216391
0.0414,0.0009504830700450912,0.0008926003322512489,0.0006370399325155268
0.0416,0.0009480784624280257,0.0008914760862819601,0.0006377962025309869
0.0418,0.0009456886175227989,0.0008903523500813917,0.0006385396010059696
0.042,0.0009433133960501262,0.0008892291792023051,0.0006392702534271694
0.0422,0.0009409526604332693,0.0008881066276671677,0.0006399882843307482
0.0424,0.0009386062747740556,0.0008869847480070948,0.0006406938173032672
0.0426,0.0009362741048292316,0.0008858635912997302,0.0006413869749828208
0.0428,0.0009339560179871451,0.0008847432072060997,0.0006420678790603637
0.043,0.0009316518832447536,0.0008836236440064712,0.0006427366502812274
0.0432,0.000929361571184963,0.0008825049486352453,0.0006433934084468195
0.0434,0.0009270849539542824,0.0008813871667149083,0.0006440382724164976
0.0436,0.000924821905240803,0.0008802703425890786,0.0006446713601096145
0.0438,0.0009225723002524907,0.000879154519354661,0.0006452927885077275
0.044,0.0009203360156957941,0.0008780397388931522,0.0006459026736569644
0.0442,0.0009181129297545622,0.0008769260419011069,0.0006465011306705445
0.0444,0.0009159029220692683,0.0008758134679197993,0.0006470882737314461
0.0446,0.0009137058737165399,0.0008747020553640951,0.0006476642160952151
0.0448,0.0009115216671889861,0.0008735918415505649,0.0006482290700929117
0.045,0.0009093501863753265,0.0008724828627248555,0.0006487829471341882
0.0452,0.0009071913165408076,0.0008713751540883423,0.0006493259577104938
0.0454,0.0009050449443079152,0.0008702687498240806,0.0006498582113984002
0.0456,0.0009029109576373712,0.0008691636831220821,0.0006503798168630459
0.0458,0.0009007892458094113,0.0008680599862039298,0.0006508908818616926
0.046,0.0008986796994053469,0.0008669576903467523,0.0006513915132473881
0.0462,0.0008965822102893993,0.0008658568259065751,0.0006518818169727351
0.0464,0.0008944966715908079,0.0008647574223410703,0.0006523618980937578
0.0466,0.0008924229776862063,0.0008636595082317136,0.0006528318607738646
0.0468,0.0008903610241822658,0.0008625631113053742,0.0006532918082879004
0.047,0.000888310707898597,0.0008614682584553466,0.0006537418430262888
0.0472,0.000886271926850914,0.0008603749757618442,0.0006541820664992541
0.0474,0.0008842445802344497,0.0008592832885119672,0.0006546125793411258
0.0476,0.0008822285684076221,0.0008581932212191627,0.0006550334813147182
0.0478,0.0008802237928759517,0.0008571047976421847,0.0006554448713157798
0.048,0.000878230156276218,0.0008560180408035756,0.0006558468473775155
0.0482,0.0008762475623608608,0.0008549329730076774,0.0006562395066751721
0.0484,0.0008742759159826147,0.0008538496158581851,0.0006566229455306853
0.0486,0.0008723151230793807,0.0008527679902752603,0.0006569972594173868
0.0488,0.0008703650906593246,0.00085168811651221,0.0006573625429647676
0.049,0.0008684257267862048,0.0008506100141717482,0.0006577188899632922
0.0492,0.0008664969405649221,0.0008495337022218468,0.0006580663933692648
0.0494,0.0008645786421272891,0.0008484591990111913,0.0006584051453097407
0.0496,0.0008626707426180178,0.0008473865222842499,0.0006587352370874835
0.0498,0.0008607731541809188,0.0008463156891959665,0.0006590567591859616
0.05,0.0008588857899453125,0.0008452467163260865,0.0006593698012743866
0.0502,0.0008570085640126459,0.0008441796196931289,0.0006596744522127844
0.0504,0.0008551413914433131,0.0008431144147680107,0.0006599708000571032
0.0506,0.0008532841882436781,0.0008420511164873344,0.0006602589320643499
0.0508,0.0008514368713532935,0.0008409897392663478,0.0006605389346977597
0.051,0.0008495993586323141,0.0008399302970115821,0.0006608108936319868
0.0512,0.0008477715688491021,0.0008388728031331824,0.0006610748937583252
0.0514,0.000845953421668021,0.0008378172705569342,0.0006613310191899478
0.0516,0.0008441448376374145,0.000836763711735993,0.0006615793532671678
0.0518,0.0008423457381777689,0.0008357121386623302,0.0006618199785627181
0.052,0.0008405560455700534,0.0008346625628778976,0.0006620529768870461
0.0522,0.0008387756829442394,0.000833614995485522,0.0006622784292936245
0.0524,0.0008370045742679929,0.0008325694471595298,0.0006624964160842733
0.0526,0.000835242644335538,0.0008315259281561202,0.0006627070168144928
0.0528,0.0008334898187566892,0.0008304844483234817,0.0006629103102988064
0.053,0.0008317460239460495,0.0008294450171116679,0.0006631063746161093
0.0532,0.0008300111871123732,0.0008284076435822307,0.0006632952871150255
0.0534,0.0008282852362480859,0.0008273723364176244,0.0006634771244192662
0.0536,0.0008265681001189668,0.0008263391039303832,0.0006636519624329919
0.0538,0.0008248597082539838,0.0008253079540720761,0.0006638198763461765
0.054,0.0008231599909352816,0.0008242788944420487,0.0006639809406399703
0.0542,0.0008214688791883223,0.0008232519322959558,0.0006641352290920615
0.0544,0.0008197863047721726,0.0008222270745540896,0.0006642828147820345
0.0546,0.0008181122001699371,0.0008212043278095083,0.0006644237700967252
0.0548,0.0008164464985793354,0.0008201836983359726,0.000664558166735569
0.055,0.00081478913390342,0.0008191651920956923,0.0006646860757159436
0.0552,0.0008131400407414328,0.0008181488147468897,0.0006648075673785031
0.0554,0.0008114991543797987,0.0008171345716511813,0.0006649227113925041
0.0556,0.0008098664107832543,0.0008161224678807904,0.0006650315767611206
0.0558,0.0008082417465861062,0.0008151125082255808,0.0006651342318267485
0.056,0.000806625099083623,0.0008141046971999321,0.0006652307442762982
0.0562,0.0008050164062235521,0.0008130990390494497,0.0006653211811464737
0.0564,0.0008034156065977642,0.0008120955377575153,0.0006654056088290381
0.0566,0.0008018226394340216,0.0008110941970516864,0.0006654840930760644
0.0568,0.0008002374445878671,0.000810095020409945,0.0006655566990051692
0.057,0.0007986599625346347,0.0008090980110667985,0.0006656234911047322
0.0572,0.0007970901343615766,0.0008081031720192378,0.0006656845332390973
0.0574,0.0007955279017601072,0.0008071105060325588,0.0006657398886537538
0.0576,0.0007939732070181609,0.0008061200156460455,0.0006657896199805015
0.0578,0.0007924259930126623,0.0008051317031785202,0.0006658337892425955
0.058,0.0007908862032021067,0.0008041455707337678,0.00066587245785987
0.0582,0.0007893537816192507,0.0008031616202058298,0.0006659056866538403
0.0584,0.0007878286728639069,0.0008021798532841789,0.0006659335358527878
0.0586,0.0007863108220958469,0.0008012002714587719,0.0006659560650968163
0.0588,0.0007848001750278065,0.0008002228760249858,0.0006659733334428919
0.059,0.0007832966779185919,0.0007992476680884391,0.0006659853993698551
0.0592,0.000781800277566288,0.000798274648569704,0.0006659923207834123
0.0594,0.0007803109213015643,0.0007973038182089071,0.0006659941550211006
0.0596,0.0007788285569810768,0.0007963351775702251,0.0006659909588572306
0.0598,0.0007773531329809684,0.0007953687270462787,0.0006659827885078011
0.06,0.000775884598190459,0.0007944044668624218,0.0006659696996353912
0.0602,0.0007744229020055331,0.0007934423970809366,0.0006659517473540241
0.0604,0.0007729679943227132,0.000792482517605128,0.0006659289862340054
0.0606,0.000771519825532926,0.0007915248281833273,0.0006659014703067359
0.0608,0.0007700783465154562,0.0007905693284128043,0.0006658692530694949
0.061,0.0007686435086319857,0.0007896160177435865,0.0006658323874901978
0.0612,0.000767215263720719,0.0007886648954821956,0.0006657909260121263
0.0614,0.0007657935640905928,0.0007877159607952946,0.0006657449205586294
0.0616,0.0007643783625155674,0.0007867692127132552,0.0006656944225377972
0.0618,0.0007629696122289987,0.0007858246501336409,0.0006656394828471043
0.062,0.0007615672669180924,0.0007848822718246137,0.0006655801518780281
0.0622,0.0007601712807184354,0.0007839420764282597,0.000665516479520634
0.0624,0.0007587816082086031,0.0007830040624638438,0.0006654485151681344
0.0626,0.0007573982044048467,0.0007820682283309861,0.0006653763077214173
0.0628,0.0007560210247558519,0.000781134572312768,0.0006652999055935442
0.063,0.0007546500251375725,0.0007802030925787691,0.0006652193567142209
0.0632,0.0007532851618481388,0.0007792737871880334,0.0006651347085342357
0.0634,0.0007519263916028328,0.0007783466540919691,0.0006650460080298693
0.0636,0.0007505736715291385,0.000777421691137183,0.0006649533017072744
0.0638,0.0007492269591618591,0.0007764988960682508,0.0006648566356068246
0.064,0.0007478862124383017,0.0007755782665304235,0.0006647560553074326
0.0642,0.0007465513896935314,0.0007746598000722758,0.0006646516059308391
0.0644,0.0007452224496556887,0.0007737434941482914,0.0006645433321458702
0.0646,0.0007438993514413744,0.0007728293461213918,0.000664431278172665
0.0648,0.0007425820545510962,0.0007719173532654074,0.0006643154877868713
0.065,0.0007412705188647801,0.0007710075127674945,0.0006641960043238128
0.0652,0.0007399647046373427,0.0007700998217304947,0.0006640728706826236
0.0654,0.0007386645724943245,0.0007691942771752454,0.0006639461293303513
0.0656,0.0007373700834275843,0.000768290876042834,0.0006638158223060334
0.0658,0.0007360811987910512,0.000767389615196806,0.0006636819912247382
0.066,0.0007347978802965356,0.0007664904914253182,0.0006635446772815766
0.0662,0.0007335200900095982,0.0007655935014432493,0.0006634039212556855
0.0664,0.0007322477903454736,0.0007646986418942583,0.0006632597635141765
0.0666,0.0007309809440650514,0.0007638059093527992,0.0006631122440160564
0.0668,0.000729719514270911,0.0007629153003260906,0.0006629614023161166
0.067,0.0007284634644034086,0.0007620268112560389,0.0006628072775687915
0.0672,0.0007272127582368214,0.0007611404385211216,0.0006626499085319859
0.0674,0.00072596735987554,0.0007602561784382267,0.0006624893335708733
0.0676,0.0007247272337503135,0.0007593740272644485,0.0006623255906616623
0.0678,0.0007234923446145454,0.0007584939811988493,0.0006621587173953327
0.068,0.0007222626575406406,0.0007576160363841751,0.0006619887509813421
0.0682,0.000721038137916398,0.0007567401889085363,0.0006618157282513014
0.0684,0.0007198187514414545,0.0007558664348070509,0.0006616396856626203
0.0686,0.0007186044641237757,0.0007549947700634497,0.0006614606593021233
0.0688,0.0007173952422761928,0.0007541251906116452,0.0006612786848896343
0.069,0.000716191052512987,0.0007532576923372674,0.0006610937977815323
0.0692,0.0007149918617465166,0.0007523922710791635,0.000660906032974278
0.0694,0.0007137976371838924,0.000751528922630864,0.0006607154251079086
0.0696,0.0007126083463236952,0.0007506676427420164,0.0006605220084695042
0.0698,0.0007114239569527357,0.0007498084271197876,0.0006603258169966258
0.07,0.0007102444371428598,0.0007489512714302336,0.0006601268842807212
0.0702,0.0007090697552477938,0.0007480961712996387,0.0006599252435705048
0.0704,0.0007078998799000314,0.0007472431223158256,0.0006597209277753053
0.0706,0.000706734780007763,0.0007463921200294342,0.0006595139694683865
0.0708,0.0007055744247518436,0.0007455431599551746,0.0006593044008902384
0.071,0.0007044187835828,0.0007446962375730498,0.00065909225395184
0.0712,0.00070326782621788,0.0007438513483295506,0.0006588775602378925
0.0714,0.0007021215226381357,0.0007430084876388263,0.0006586603510100254
0.0716,0.0007009798430855481,0.0007421676508838256,0.0006584406572099737
0.0718,0.0006998427580601881,0.0007413288334174153,0.0006582185094627258
0.072,0.0006987102383174133,0.0007404920305634718,0.0006579939380796467
0.0722,0.0006975822548651012,0.000739657237617947,0.0006577669730615688
0.0724,0.0006964587789609205,0.0007388244498499143,0.0006575376441018587
0.0726,0.000695339782109634,0.0007379936625025861,0.0006573059805894549
0.0728,0.0006942252360604371,0.0007371648707943125,0.0006570720116118785
0.073,0.0006931151128043337,0.0007363380699195542,0.0006568357659582159
0.0732,0.0006920093845715405,0.0007355132550498353,0.0006565972721220755
0.0734,0.000690908023828928,0.0007346904213346753,0.0006563565583045175
0.0736,0.0006898110032774936,0.0007338695639024979,0.0006561136524169556
0.0738,0.0006887182958498651,0.00073305067786152,0.0006558685820840337
0.074,0.0006876298747078389,0.0007322337583006219,0.0006556213746464757
0.0742,0.0006865457132399459,0.0007314188002901958,0.0006553720571639087
0.0744,0.0006854657850590515,0.0007306057988829765,0.0006551206564176601
0.0746,0.0006843900639999833,0.0007297947491148525,0.0006548671989135299
0.0748,0.0006833185241171901,0.0007289856460056588,0.000654611710884536
0.075,0.0006822511396824308,0.0007281784845599527,0.0006543542182936345
0.0752,0.0006811878851824901,0.0007273732597677686,0.0006540947468364153
0.0754,0.0006801287353169261,0.000726569966605361,0.0006538333219437708
0.0756,0.0006790736649958419,0.0007257686000359248,0.0006535699687845413
0.0758,0.0006780226493376899,0.0007249691550103034,0.0006533047122681354
0.076,0.0006769756636670992,0.0007241716264676783,0.0006530375770471236
0.0762,0.0006759326835127322,0.000723376009336244,0.0006527685875198112
0.0764,0.0006748936846051675,0.0007225822985338663,0.0006524977678327835
0.0766,0.0006738586428748086,0.0007217904889687264,0.0006522251418834283
0.0768,0.0006728275344498192,0.0007210005755399507,0.0006519507333224345
0.077,0.0006718003356540828,0.0007202125531382233,0.0006516745655562671
0.0772,0.000670777023005189,0.0007194264166463882,0.0006513966617496178
0.0774,0.0006697575732124429,0.000718642160940035,0.0006511170448278331
0.0776,0.0006687419631749002,0.0007178597808880707,0.0006508357374793183
0.0778,0.0006677301699794257,0.0007170792713532808,0.0006505527621579191
0.078,0.0006667221708987757,0.0007163006271928744,0.0006502681410852813
0.0782,0.0006657179433897038,0.0007155238432590182,0.0006499818962531844
0.0784,0.0006647174650910905,0.0007147489143993582,0.0006496940494258569
0.0786,0.0006637207138220937,0.000713975835457528,0.0006494046221422664
0.0788,0.0006627276675803232,0.0007132046012736459,0.0006491136357183893
0.079,0.0006617383045400371,0.0007124352066848009,0.0006488211112494566
0.0792,0.0006607526030503593,0.0007116676465255259,0.0006485270696121803
0.0794,0.0006597705416335202,0.0007109019156282603,0.0006482315314669558
0.0796,0.0006587920989831155,0.0007101380088238023,0.000647934517260045
0.0798,0.0006578172539623889,0.0007093759209417494,0.0006476360472257364
0.08,0.0006568459856025338,0.000708615646810929,0.0006473361413884846
0.0802,0.0006558782731010174,0.0007078571812598192,0.0006470348195650305
0.0804,0.0006549140958199203,0.0007071005191169576,0.000646732101366498
0.0806,0.0006539534332843014,0.0007063456552113427,0.0006464280062004722
0.0808,0.0006529962651805785,0.0007055925843728244,0.0006461225532730563
0.081,0.0006520425713549299,0.0007048413014324852,0.0006458157615909091
0.0812,0.0006510923318117137,0.0007040918012230114,0.000645507649963261
0.0814,0.0006501455267119071,0.0007033440785790575,0.0006451982370039117
0.0816,0.0006492021363715643,0.0007025981283375986,0.0006448875411332079
0.0818,0.0006482621412602895,0.0007018539453382774,0.0006445755805800002
0.082,0.0006473255219997329,0.0007011115244237401,0.000644262373383582
0.0822,0.0006463922593620999,0.0007003708604399656,0.0006439479373956097
0.0824,0.0006454623342686808,0.0006996319482365855,0.0006436322902820009
0.0826,0.0006445357277883954,0.0006988947826671974,0.0006433154495248182
0.0828,0.0006436124211363566,0.000698159358589669,0.0006429974324241304
0.083,0.000642692395672449,0.0006974256708664361,0.0006426782560998573
0.0832,0.0006417756328999263,0.0006966937143647911,0.0006423579374935956
0.0834,0.0006408621144640214,0.0006959634839571663,0.0006420364933704272
0.0836,0.0006399518221505777,0.0006952349745214095,0.0006417139403207069
0.0838,0.0006390447378846905,0.0006945081809410514,0.0006413902947618372
0.084,0.0006381408437293686,0.0006937830981055671,0.0006410655729400197
0.0842,0.0006372401218842102,0.0006930597209106316,0.000640739790931994
0.0844,0.0006363425546840913,0.0006923380442583671,0.0006404129646467555
0.0846,0.0006354481245978743,0.0006916180630575854,0.0006400851098272577
0.0848,0.0006345568142271262,0.0006908997722240227,0.0006397562420520974
0.085,0.0006336686063048548,0.0006901831666805694,0.0006394263767371835
0.0852,0.0006327834836942586,0.0006894682413574935,0.000639095529137386
0.0854,0.0006319014293874905,0.0006887549911926568,0.0006387637143481742
0.0856,0.000631022426504435,0.000688043411131728,0.0006384309473072322
0.0858,0.0006301464582915012,0.0006873334961283881,0.0006380972427960621
0.086,0.000629273508120428,0.0006866252411445303,0.0006377626154415697
0.0862,0.0006284035594871028,0.0006859186411504553,0.0006374270797176347
0.0864,0.0006275365960103949,0.0006852136911250611,0.0006370906499466646
0.0866,0.0006266726014310003,0.0006845103860560279,0.0006367533403011333
0.0868,0.0006258115596103003,0.0006838087209399961,0.0006364151648051036
0.087,0.0006249534545292337,0.000683108690782743,0.0006360761373357353
0.0872,0.0006240982702871801,0.0006824102905993496,0.0006357362716247772
0.0874,0.0006232459911008574,0.0006817135154143678,0.0006353955812600443
0.0876,0.0006223966013032299,0.0006810183602619789,0.0006350540796868802
0.0878,0.0006215500853424297,0.0006803248201861508,0.0006347117802096041
0.088,0.0006207064277806906,0.0006796328902407869,0.0006343686959929445
0.0882,0.0006198656132932916,0.000678942565489875,0.0006340248400634568
0.0884,0.0006190276266675157,0.0006782538410076285,0.0006336802253109271
0.0886,0.0006181924528016157,0.000677566711878625,0.0006333348644897623
0.0888,0.0006173600767037965,0.00067688117319794,0.0006329887702203653
0.089,0.0006165304834912037,0.0006761972200712777,0.0006326419549904965
0.0892,0.0006157036583889275,0.0006755148476150972,0.0006322944311566226
0.0894,0.0006148795867290148,0.0006748340509567341,0.0006319462109452488
0.0896,0.000614058253949493,0.0006741548252345192,0.0006315973064542408
0.0898,0.0006132396455934057,0.0006734771655978946,0.0006312477296541311
0.09,0.0006124237473078565,0.0006728010672075234,0.0006308974923894133
0.0902,0.0006116105448430654,0.0006721265252353984,0.0006305466063798221
0.0904,0.0006108000240514343,0.0006714535348649463,0.0006301950832216012
0.0906,0.0006099921708866232,0.0006707820912911276,0.0006298429343887576
0.0908,0.0006091869714026367,0.0006701121897205361,0.000629490171234304
0.091,0.0006083844117529194,0.0006694438253714913,0.0006291368049914872
0.0912,0.0006075844781894614,0.0006687769934741312,0.0006287828467750054
0.0914,0.0006067871570619149,0.0006681116892704993,0.0006284283075822122
0.0916,0.0006059924348167183,0.0006674479080146295,0.0006280731982943085
0.0918,0.0006052002979962308,0.0006667856449726297,0.000627717529677522
0.092,0.0006044107332378761,0.0006661248954227589,0.0006273613123842758
0.0922,0.0006036237272732956,0.0006654656546555051,0.0006270045569543426
0.0924,0.0006028392669275097,0.0006648079179736585,0.0006266472738159907
0.0926,0.0006020573391180895,0.0006641516806923813,0.0006262894732871148
0.0928,0.000601277930854336,0.0006634969381392772,0.0006259311655763572
0.093,0.0006005010292364693,0.0006628436856544562,0.000625572360784217
0.0932,0.0005997266214548244,0.0006621919185905974,0.0006252130689041485
0.0934,0.0005989546947890589,0.0006615416323130103,0.0006248532998236468
0.0936,0.0005981852366073652,0.0006608928221996917,0.0006244930633253245
0.0938,0.0005974182343656941,0.0006602454836413823,0.0006241323690879761
0.094,0.0005966536756069844,0.00065959961204162,0.0006237712266876304
0.0942,0.0005958915479604033,0.0006589552028167896,0.0006234096455985955
0.0944,0.0005951318391405908,0.0006583122513961733,0.0006230476351944896
0.0946,0.0005943745369469169,0.0006576707532219957,0.0006226852047492624
0.0948,0.0005936196292627418,0.0006570307037494702,0.0006223223634382072
0.095,0.0005928671040546876,0.0006563920984468391,0.0006219591203389613
0.0952,0.0005921169493719156,0.0006557549327954157,0.000621595484432497
0.0954,0.0005913691533454114,0.0006551192022896208,0.000621231464604101
0.0956,0.0005906237041872786,0.000654484902437021,0.0006208670696443465
0.0958,0.0005898805901900377,0.0006538520287583619,0.0006205023082500513
0.096,0.0005891397997259345,0.0006532205767876007,0.0006201371890252304
0.0962,0.0005884013212462544,0.0006525905420719373,0.000619771720482036
0.0964,0.000587665143280644,0.0006519619201718423,0.000619405911041689
0.0966,0.0005869312544364393,0.0006513347066610856,0.0006190397690354007
0.0968,0.0005861996433980033,0.0006507088971267604,0.0006186733027052845
0.097,0.0005854702989260654,0.0006500844871693079,0.0006183065202052591
0.0972,0.000584743209857073,0.0006494614724025389,0.0006179394296019422
0.0974,0.0005840183651025463,0.0006488398484536541,0.0006175720388755355
0.0976,0.0005832957536484417,0.0006482196109632644,0.0006172043559206988
0.0978,0.0005825753645545194,0.0006476007555854058,0.0006168363885474175
0.098,0.0005818571869537196,0.0006469832779875582,0.0006164681444818592
0.0982,0.0005811412100515448,0.0006463671738506572,0.000616099631367224
0.0984,0.0005804274231254472,0.0006457524388691089,0.0006157308567645828
0.0986,0.0005797158155242227,0.000645139068750801,0.0006153618281537094
0.0988,0.0005790063766674122,0.0006445270592171123,0.0006149925529339038
0.099,0.0005782990960447072,0.0006439164060029227,0.0006146230384248066
0.0992,0.0005775939632153636,0.0006433071048566204,0.0006142532918672041
0.0994,0.0005768909678076182,0.000642699151540108,0.0006138833204238277
0.0996,0.0005761900995181149,0.0006420925418288069,0.0006135131311801425
0.0998,0.0005754913481113328,0.0006414872715116631,0.0006131427311451286
0.1,0.0005747947034190243,0.0006408833363911478,0.0006127721272520563
0.1002,0.0005741001553396548,0.00064028073228326,0.0006124013263592502
0.1004,0.0005734076938378495,0.0006396794550175266,0.000612030335250847
0.1006,0.0005727173089438475,0.000639079500437002,0.000611659160637547
0.1008,0.0005720289907529587,0.0006384808643982653,0.0006112878091573549
0.101,0.0005713427294250269,0.0006378835427714182,0.0006109162873763149
0.1012,0.0005706585151838992,0.0006372875314400807,0.0006105446017892387
0.1014,0.0005699763383169,0.0006366928263013873,0.0006101727588204242
0.1016,0.00056929618917431,0.0006360994232659787,0.0006098007648243687
0.1018,0.0005686180581688496,0.0006355073182579969,0.0006094286260864733
0.102,0.0005679419357751702,0.0006349165072150768,0.0006090563488237417
0.1022,0.0005672678125293469,0.0006343269860883371,0.0006086839391854694
0.1024,0.0005665956790283791,0.0006337387508423716,0.0006083114032539294
0.1026,0.000565925525929694,0.0006331517974552377,0.000607938747045047
0.1028,0.0005652573439506567,0.0006325661219184446,0.0006075659765090702
0.103,0.0005645911238680829,0.0006319817202369432,0.0006071930975312334
0.1032,0.0005639268565177592,0.0006313985884291111,0.0006068201159324119
0.1034,0.0005632645327939649,0.000630816722526739,0.0006064470374697727
0.1036,0.0005626041436490022,0.0006302361185750179,0.0006060738678374163
0.1038,0.0005619456800927258,0.0006296567726325206,0.0006057006126670133
0.104,0.0005612891331920835,0.000629078680771189,0.0006053272775284335
0.1042,0.0005606344940706554,0.0006285018390763156,0.0006049538679303702
0.1044,0.0005599817539082014,0.0006279262436465255,0.0006045803893209561
0.1046,0.0005593309039402107,0.0006273518905937594,0.0006042068470883739
0.1048,0.0005586819354574574,0.0006267787760432541,0.0006038332465614607
0.105,0.0005580348398055595,0.000626206896133524,0.0006034595930103064
0.1052,0.000557389608384542,0.0006256362470163394,0.0006030858916468459
0.1054,0.0005567462326484046,0.0006250668248567071,0.0006027121476254436
0.1056,0.000556104704104693,0.0006244986258328485,0.0006023383660434756
0.1058,0.0005554650143140759,0.0006239316461361784,0.000601964551941901
0.106,0.0005548271548899234,0.0006233658819712811,0.0006015907103058333
0.1062,0.0005541911174978916,0.0006228013295558891,0.0006012168460651
0.1064,0.0005535568938555102,0.0006222379851208581,0.0006008429640948007
0.1066,0.0005529244757317746,0.0006216758449101442,0.0006004690692158577
0.1068,0.0005522938549467409,0.0006211149051807787,0.0006000951661955613
0.107,0.0005516650233711259,0.0006205551622028425,0.0005997212597481092
0.1072,0.0005510379729259097,0.0006199966122594414,0.0005993473545351419
0.1074,0.0005504126955819436,0.00061943925164668,0.0005989734551662703
0.1076,0.0005497891833595598,0.0006188830766736346,0.0005985995661996
0.1078,0.000549167428328186,0.0006183280836623273,0.0005982256921422488
0.108,0.000548547422605964,0.000617774268947697,0.0005978518374508596
0.1082,0.0005479291583593704,0.0006172216288775735,0.0005974780065321082
0.1084,0.0005473126278028421,0.0006166701598126483,0.0005971042037432061
0.1086,0.0005466978231984051,0.0006161198581264465,0.0005967304333923968
0.1088,0.0005460847368553063,0.0006155707202052968,0.000596356699739449
0.109,0.0005454733611296487,0.0006150227424483036,0.0005959830069961432
0.1092,0.0005448636884240309,0.0006144759212673165,0.0005956093593267542
0.1094,0.0005442557111871892,0.0006139302530869006,0.000595235760848529
0.1096,0.0005436494219136425,0.0006133857343443053,0.0005948622156321582
0.1098,0.0005430448131433424,0.0006128423614894356,0.0005944887277022446
0.11,0.000542441877461324,0.0006123001309848183,0.0005941153010377658
0.1102,0.0005418406074973624,0.0006117590393055731,0.0005937419395725327
0.1104,0.0005412409959256301,0.00061121908293938,0.0005933686471956425
0.1106,0.0005406430354643594,0.0006106802583864462,0.0005929954277519287
0.1108,0.0005400467188755067,0.0006101425621594769,0.000592622285042405
0.111,0.000539452038964421,0.0006096059907836394,0.0005922492228247043
0.1112,0.0005388589885795138,0.0006090705407965334,0.0005918762448135158
0.1114,0.0005382675606119337,0.0006085362087481554,0.0005915033546810149
0.1116,0.0005376777479952431,0.0006080029912008675,0.0005911305560572904
0.1118,0.000537089543705098,0.0006074708847293627,0.0005907578525307666
0.112,0.0005365029407589303,0.0006069398859206318,0.0005903852476486212
0.1122,0.0005359179322156343,0.0006064099913739295,0.0005900127449171994
0.1124,0.0005353345111752542,0.0006058811977007398,0.0005896403478024239
0.1126,0.0005347526707786764,0.0006053535015247419,0.0005892680597301991
0.1128,0.0005341724042073224,0.0006048268994817762,0.0005888958840868137
0.113,0.0005335937046828471,0.0006043013882198084,0.0005885238242193376
0.1132,0.0005330165654668365,0.0006037769643988967,0.0005881518834360152
0.1134,0.0005324409798605121,0.0006032536246911533,0.0005877800650066543
0.1136,0.0005318669412044344,0.0006027313657807132,0.0005874083721630121
0.1138,0.0005312944428782106,0.0006022101843636955,0.0005870368080991766
0.114,0.0005307234783002058,0.0006016900771481697,0.0005866653759719431
0.1142,0.0005301540409272553,0.0006011710408541195,0.0005862940789011902
0.1144,0.0005295861242543794,0.0006006530722134067,0.0005859229199702473
0.1146,0.0005290197218145022,0.0006001361679697355,0.0005855519022262626
0.1148,0.000528454827178172,0.0005996203248786163,0.0005851810286805653
0.115,0.0005278914339532833,0.0005991055397073296,0.000584810302309024
0.1152,0.0005273295357848036,0.0005985918092348888,0.0005844397260524025
0.1154,0.0005267691263545004,0.0005980791302520057,0.0005840693028167115
0.1156,0.0005262101993806714,0.0005975674995610518,0.0005836990354735568
0.1158,0.0005256527486178779,0.0005970569139760227,0.000583328926860483
0.116,0.0005250967678566786,0.0005965473703225011,0.0005829589797813166
0.1162,0.0005245422509233681,0.0005960388654376198,0.0005825891970065018
0.1164,0.0005239891916797159,0.0005955313961700252,0.0005822195812734358
0.1166,0.0005234375840227089,0.0005950249593798403,0.0005818501352868001
0.1168,0.0005228874218842946,0.0005945195519386268,0.0005814808617188869
0.117,0.000522338699231129,0.0005940151707293484,0.0005811117632099249
0.1172,0.0005217914100643238,0.000593511812646334,0.0005807428423683994
0.1174,0.0005212455484191982,0.0005930094745952398,0.0005803741017713706
0.1176,0.000520701108365032,0.0005925081534930124,0.0005800055439647879
0.1178,0.0005201580840048204,0.0005920078462678504,0.0005796371714638015
0.118,0.0005196164694750312,0.0005915085498591685,0.0005792689867530714
0.1182,0.0005190762589453645,0.0005910102612175593,0.0005789009922870716
0.1184,0.0005185374466185145,0.000590512977304755,0.0005785331904903929
0.1186,0.0005180000267299332,0.0005900166950935909,0.0005781655837580422
0.1188,0.0005174639935475944,0.0005895214115679675,0.0005777981744557383
0.119,0.0005169293413717637,0.0005890271237228124,0.0005774309649202053
0.1192,0.0005163960645347668,0.0005885338285640434,0.0005770639574594628
0.1194,0.0005158641574007615,0.0005880415231085302,0.0005766971543531131
0.1196,0.000515333614365511,0.0005875502043840578,0.0005763305578526261
0.1198,0.0005148044298561598,0.0005870598694292862,0.0005759641701816202
0.12,0.0005142765983310117,0.0005865705152937165,0.0005755979935361417
0.1202,0.0005137501142793076,0.0005860821390376498,0.0005752320300849409
0.1204,0.0005132249722210088,0.0005855947377321515,0.0005748662819697444
0.1206,0.0005127011667065781,0.0005851083084590125,0.0005745007513055267
0.1208,0.0005121786923167666,0.0005846228483107122,0.0005741354401807776
0.121,0.0005116575436623993,0.0005841383543903802,0.0005737703506577671
0.1212,0.0005111377153841645,0.0005836548238117596,0.0005734054847728076
0.1214,0.0005106192021524035,0.0005831722536991678,0.0005730408445365149
0.1216,0.0005101019986669037,0.0005826906411874599,0.0005726764319340642
0.1218,0.0005095860996566918,0.0005822099834219913,0.0005723122489254456
0.122,0.0005090714998798293,0.0005817302775585789,0.0005719482974457159
0.1222,0.0005085581941232114,0.0005812515207634648,0.0005715845794052482
0.1224,0.0005080461772023645,0.0005807737102132777,0.0005712210966899787
0.1226,0.0005075354439612478,0.0005802968430949958,0.0005708578511616524
0.1228,0.0005070259892720557,0.0005798209166059098,0.0005704948446580644
0.123,0.0005065178080350221,0.0005793459279535838,0.0005701320789933
0.1232,0.0005060108951782254,0.0005788718743558197,0.000569769555957972
0.1234,0.0005055052456573973,0.0005783987530406189,0.0005694072773194561
0.1236,0.0005050008544557307,0.000577926561246145,0.0005690452448221233
0.1238,0.000504497716583691,0.0005774552962206866,0.0005686834601875705
0.124,0.0005039958270788275,0.0005769849552226202,0.0005683219251148482
0.1242,0.0005034951810055882,0.0005765155355203716,0.000567960641280687
0.1244,0.0005029957734551345,0.0005760470343923815,0.0005675996103397205
0.1246,0.0005024975995451577,0.0005755794491270654,0.0005672388339247074
0.1248,0.0005020006544196984,0.0005751127770227787,0.0005668783136467501
0.125,0.0005015049332489655,0.0005746470153877783,0.0005665180510955118
0.1252,0.0005010104312291576,0.0005741821615401864,0.0005661580478394315
0.1254,0.0005005171435822862,0.0005737182128079532,0.0005657983054259366
0.1256,0.0005000250655560004,0.0005732551665288205,0.0005654388253816535
0.1258,0.000499534192423411,0.0005727930200502846,0.0005650796092126162
0.126,0.0004990445194829195,0.0005723317707295593,0.000564720658404473
0.1262,0.0004985560420580456,0.0005718714159335399,0.0005643619744226897
0.1264,0.0004980687554972575,0.0005714119530387665,0.0005640035587127536
0.1266,0.0004975826551738034,0.0005709533794313868,0.0005636454127003727
0.1268,0.0004970977364855439,0.0005704956925071204,0.0005632875377916748
0.127,0.0004966139948547862,0.0005700388896712225,0.0005629299353734032
0.1272,0.0004961314257281203,0.0005695829683384467,0.0005625726068131117
0.1274,0.0004956500245762545,0.0005691279259330096,0.000562215553459357
0.1276,0.0004951697868938548,0.0005686737598885546,0.0005618587766418897
0.1278,0.0004946907081993829,0.0005682204676481157,0.000561502277671842
0.128,0.0004942127840349389,0.0005677680466640809,0.0005611460578419157
0.1282,0.0004937360099661014,0.0005673164943981577,0.0005607901184265668
0.1284,0.0004932603815817723,0.0005668658083213356,0.0005604344606821886
0.1286,0.0004927858944940196,0.000566415985913852,0.0005600790858472935
0.1288,0.0004923125443379259,0.0005659670246651552,0.0005597239951426921
0.129,0.0004918403267714326,0.0005655189220738695,0.0005593691897716712
0.1292,0.0004913692374751899,0.0005650716756477594,0.0005590146709201705
0.1294,0.000490899272152406,0.0005646252829036947,0.0005586604397569559
0.1296,0.0004904304265286979,0.0005641797413676142,0.0005583064974337926
0.1298,0.0004899626963519424,0.0005637350485744922,0.0005579528450856171
0.13,0.0004894960773921306,0.0005632912020683011,0.0005575994838307039
0.1302,0.0004890305654412211,0.0005628481994019783,0.0005572464147708361
0.1304,0.0004885661563129961,0.0005624060381373904,0.000556893638991469
0.1306,0.00048810284584291684,0.0005619647158452977,0.0005565411575618953
0.1308,0.0004876406298879834,0.000561524230105321,0.000556188971535408
0.131,0.00048717950432659103,0.0005610845785059055,0.0005558370819494611
0.1312,0.0004867194650583921,0.0005606457586442872,0.000555485489825829
0.1314,0.0004862605080041563,0.000560207768126458,0.0005551341961707654
0.1316,0.00048580262910563263,0.0005597706045671304,0.0005547832019751576
0.1318,0.000485345824325413,0.000559334265589705,0.0005544325082146841
0.132,0.00048489008964679685,0.0005588987488262356,0.0005540821158499649
0.1322,0.0004844354210736557,0.0005584640519173938,0.0005537320258267166
0.1324,0.00048398181463030074,0.0005580301725124373,0.0005533822390758999
0.1326,0.00048352926636134895,0.0005575971082691742,0.0005530327565138695
0.1328,0.0004830777723315926,0.0005571648568539297,0.000552683579042522
0.133,0.00048262732862586904,0.0005567334159415127,0.0005523347075494413
0.1332,0.0004821779313489302,0.0005563027832151824,0.0005519861429080428
0.1334,0.00048172957662531566,0.000555872956366614,0.0005516378859777175
0.1336,0.0004812822605992232,0.0005554439330958652,0.0005512899376039726
0.1338,0.00048083597943438514,0.0005550157111113447,0.0005509422986185727
0.134,0.00048039072931393967,0.0005545882881297765,0.0005505949698396775
0.1342,0.0004799465064403099,0.0005541616618761691,0.0005502479520719815
0.1344,0.0004795033070350772,0.0005537358300837807,0.0005499012461068477
0.1346,0.00047906112733886084,0.0005533107904940875,0.0005495548527224444
0.1348,0.00047861996361119535,0.0005528865408567506,0.0005492087726838778
0.135,0.00047817981213041003,0.0005524630789295827,0.000548863006743325
0.1352,0.00047774066919350957,0.0005520404024785174,0.0005485175556401636
0.1354,0.0004773025311160551,0.0005516185092775736,0.0005481724201011033
0.1356,0.00047686539423204597,0.0005511973971088268,0.0005478276008403129
0.1358,0.00047642925489380344,0.0005507770637623742,0.0005474830985595483
0.136,0.0004759941094718537,0.0005503575070363032,0.0005471389139482776
0.1362,0.000475559954354814,0.0005499387247366601,0.0005467950476838065
0.1364,0.0004751267859492765,0.0005495207146774178,0.0005464515004314015
0.1366,0.00047469460067969685,0.0005491034746804434,0.0005461082728444124
0.1368,0.00047426339498828025,0.0005486870025754674,0.0005457653655643931
0.137,0.00047383316533486993,0.0005482712962000516,0.000545422779221222
0.1372,0.00047340390819683713,0.0005478563533995574,0.0005450805144332199
0.1374,0.0004729756200689699,0.0005474421720271152,0.0005447385718072682
0.1376,0.00047254829746336464,0.000547028749943592,0.0005443969519389255
0.1378,0.0004721219369093181,0.0005466160850175618,0.0005440556554125429
0.138,0.00047169653495321824,0.0005462041751252729,0.000543714682801377
0.1382,0.00047127208815843965,0.0005457930181506179,0.0005433740346677048
0.1384,0.00047084859310523604,0.0005453826119851029,0.0005430337115629343
0.1386,0.00047042604639063593,0.0005449729545278163,0.000542693714027716
0.1388,0.00047000444462833816,0.0005445640436853985,0.0005423540425920525
0.139,0.00046958378444860767,0.0005441558773720114,0.0005420146977754076
0.1392,0.0004691640624981742,0.0005437484535093075,0.0005416756800868135
0.1394,0.0004687452754401285,0.0005433417700264007,0.0005413369900249775
0.1396,0.00046832741995382306,0.000542935824859835,0.0005409986280783879
0.1398,0.00046791049273476974,0.0005425306159535551,0.0005406605947254186
0.14,0.0004674944904945413,0.0005421261412588763,0.0005403228904344322
0.1402,0.00046707940996067204,0.0005417223987344544,0.0005399855156638831
0.1404,0.0004666652478765596,0.000541319386346256,0.0005396484708624184
0.1406,0.00046625200100136724,0.0005409171020675299,0.0005393117564689791
0.1408,0.0004658396661099276,0.0005405155438787754,0.0005389753729128999
0.141,0.00046542823999264575,0.0005401147097677155,0.000538639320614007
0.1412,0.00046501771945540505,0.0005397145977292656,0.0005383035999827158
0.1414,0.0004646081013194711,0.0005393152057655046,0.0005379682114201289
0.1416,0.0004641993824213993,0.0005389165318856475,0.0005376331553181307
0.1418,0.00046379155961294005,0.0005385185741060142,0.0005372984320594822
0.142,0.00046338462976094766,0.0005381213304500018,0.0005369640420179163
0.1422,0.00046297858974728715,0.000537724798948056,0.0005366299855582286
0.1424,0.00046257343646874426,0.0005373289776376415,0.000536296263036372
0.1426,0.00046216916683693393,0.0005369338645632151,0.0005359628747995465
0.1428,0.000461765777778211,0.0005365394577761953,0.0005356298211862895
0.143,0.0004613632662335806,0.0005361457553349352,0.0005352971025265658
0.1432,0.0004609616291586102,0.0005357527553046946,0.0005349647191418565
0.1434,0.0004605608635233412,0.0005353604557576104,0.0005346326713452457
0.1436,0.00046016096631220136,0.0005349688547726708,0.0005343009594415087
0.1438,0.00045976193452391923,0.0005345779504356853,0.0005339695837271971
0.144,0.0004593637651714372,0.0005341877408392583,0.0005336385444907248
0.1442,0.0004589664552818264,0.0005337982240827603,0.0005333078420124515
0.1444,0.0004585700018962019,0.0005334093982723021,0.0005329774765647675
0.1446,0.000458174402069639,0.0005330212615207053,0.0005326474484121753
0.1448,0.0004577796528710891,0.0005326338119474767,0.0005323177578113724
0.145,0.00045738575138329726,0.0005322470476787799,0.0005319884050113327
0.1452,0.000456992694702719,0.0005318609668474088,0.0005316593902533863
0.1454,0.00045660047993944017,0.00053147556759276,0.0005313307137712991
0.1456,0.00045620910421709406,0.0005310908480608069,0.0005310023757913524
0.1458,0.00045581856467278214,0.000530706806404072,0.0005306743765324204
0.146,0.0004554288584569933,0.0005303234407816005,0.000530346716206048
0.1462,0.00045503998273352484,0.0005299407493589334,0.0005300193950165271
0.1464,0.00045465193467940335,0.0005295587303080821,0.0005296924131609729
0.1466,0.000454264711484807,0.0005291773818075005,0.0005293657708293983
0.1468,0.00045387831035298713,0.0005287967020420602,0.0005290394682047895
0.147,0.00045349272850019127,0.0005284166892030231,0.0005287135054631787
0.1472,0.00045310796315558714,0.0005280373414880161,0.0005283878827737171
0.1474,0.00045272401156118587,0.000527658657101005,0.0005280626002987485
0.1476,0.00045234087097176663,0.0005272806342522685,0.0005277376581938795
0.1478,0.0004519585386548021,0.0005269032711583727,0.0005274130566080512
0.148,0.00045157701189038347,0.0005265265660421454,0.0005270887956836084
0.1482,0.00045119628797114683,0.0005261505171326499,0.0005267648755563711
0.1484,0.0004508163642021995,0.0005257751226651612,0.0005264412963557015
0.1486,0.00045043723790104797,0.0005254003808811387,0.0005261180582045733
0.1488,0.0004500589063975242,0.0005250262900282027,0.0005257951612196389
0.149,0.0004496813670337149,0.0005246528483601079,0.0005254726055112968
0.1492,0.0004493046171638897,0.0005242800541367196,0.0005251503911837566
0.1494,0.0004489286541544306,0.0005239079056239881,0.0005248285183351066
0.1496,0.0004485534753837613,0.0005235364010939234,0.000524506987057377
0.1498,0.00044817907824227723,0.0005231655388245721,0.0005241857974366058
0.15,0.00044780546013227724,0.0005227953170999908,0.0005238649495529012
0.1502,0.0004474326184678929,0.0005224257342102237,0.000523544443480506
0.1504,0.0004470605506750221,0.0005220567884512762,0.0005232242792878595
0.1506,0.00044668925419125973,0.000521688478125092,0.000522904457037659
0.1508,0.00044631872646583103,0.0005213208015395285,0.0005225849767869227
0.151,0.0004459489649595239,0.0005209537570083324,0.0005222658385870489
0.1512,0.0004455799671446233,0.000520587342851116,0.0005219470424838767
0.1514,0.00044521173050484443,0.0005202215573933336,0.0005216285885177464
0.1516,0.00044484425253526767,0.000519856398966257,0.0005213104767235573
0.1518,0.0004444775307422734,0.0005194918659069523,0.0005209927071308272
0.152,0.0004441115626434767,0.0005191279565582561,0.0005206752797637493
0.1522,0.000443746345767664,0.0005187646692687525,0.0005203581946412509
0.1524,0.00044338187765472896,0.0005184020023927488,0.0005200414517770492
0.1526,0.00044301815585560896,0.0005180399542902531,0.0005197250511797075
0.1528,0.0004426551779322227,0.0005176785233269507,0.0005194089928526919
0.153,0.00044229294145740645,0.0005173177078741806,0.0005190932767944255
0.1532,0.00044193144401485435,0.0005169575063089136,0.0005187779029983436
0.1534,0.0004415706831990542,0.0005165979170137282,0.0005184628714529477
0.1536,0.00044121065661522827,0.0005162389383767884,0.0005181481821418593
0.1538,0.000440851361879271,0.0005158805687918212,0.0005178338350438725
0.154,0.00044049279661769033,0.000515522806658093,0.0005175198301330072
0.1542,0.00044013495846754596,0.000515165650380389,0.0005172061673785609
0.1544,0.0004397778450763911,0.0005148090983689881,0.0005168928467451607
0.1546,0.0004394214541022132,0.0005144531490396432,0.0005165798681928137
0.1548,0.00043906578321337446,0.000514097800813557,0.0005162672316769585
0.155,0.0004387108300885544,0.0005137430521173612,0.0005159549371485141
0.1552,0.00043835659241669127,0.0005133889013830937,0.0005156429845539311
0.1554,0.0004380030678969252,0.0005130353470481769,0.0005153313738352395
0.1556,0.00043765025423854025,0.0005126823875553955,0.0005150201049300984
0.1558,0.0004372981491609087,0.0005123300213528757,0.000514709177771844
0.156,0.00043694675039343333,0.0005119782468940624,0.0005143985922895369
0.1562,0.000436596055675493,0.0005116270626376984,0.00051408834840801
0.1564,0.00043624606275638553,0.0005112764670478022,0.0005137784460479146
0.1566,0.00043589676939527374,0.0005109264585936476,0.0005134688851257687
0.1568,0.00043554817336112955,0.0005105770357497417,0.0005131596655540002
0.157,0.0004352002724326805,0.0005102281969958034,0.0005128507872409949
0.1572,0.00043485306439835445,0.0005098799408167435,0.0005125422500911405
0.1574,0.0004345065470562271,0.0005095322657026423,0.0005122340540048709
0.1576,0.00043416071821396763,0.0005091851701487294,0.0005119261988787116
0.1578,0.00043381557568878624,0.000508838652655363,0.0005116186846053226
0.158,0.0004334711173073807,0.0005084927117280084,0.0005113115110735421
0.1582,0.00043312734090588534,0.0005081473458772184,0.0005110046781684297
0.1584,0.00043278424432981714,0.0005078025536186117,0.0005106981857713088
0.1586,0.0004324418254340269,0.0005074583334728532,0.0005103920337598082
0.1588,0.0004321000820826442,0.0005071146839656329,0.0005100862220079053
0.159,0.00043175901214903025,0.0005067716036276463,0.0005097807503859664
0.1592,0.00043141861351572453,0.0005064290909945739,0.0005094756187607874
0.1594,0.00043107888407439604,0.0005060871446070605,0.0005091708269956356
0.1596,0.0004307398217257927,0.000505745763010696,0.0005088663749502886
0.1598,0.00043040142437969123,0.0005054049447559953,0.0005085622624810749
0.16,0.00043006368995484966,0.0005050646883983781,0.0005082584894409137
0.1602,0.0004297266163789567,0.0005047249924981491,0.0005079550556793529
0.1604,0.00042939020158858337,0.0005043858556204784,0.0005076519610426084
0.1606,0.0004290544435291351,0.0005040472763353826,0.000507349205373602
0.1608,0.00042871934015480356,0.0005037092532177037,0.0005070467885120005
0.161,0.0004283848894285192,0.0005033717848470913,0.0005067447102942517
0.1612,0.0004280510893219036,0.0005030348698079821,0.000506442970553623
0.1614,0.0004277179378152221,0.0005026985066895814,0.0005061415691202373
0.1616,0.000427385432897338,0.0005023626940858434,0.0005058405058211101
0.1618,0.00042705357256566507,0.0005020274305954519,0.0005055397804801851
0.162,0.00042672235482612224,0.0005016927148218024,0.0005052393929183711
0.1622,0.0004263917776930871,0.0005013585453729819,0.0005049393429535764
0.1624,0.000426061839189351,0.0005010249208617507,0.0005046396304007442
0.1626,0.00042573253734607325,0.0005006918399055233,0.0005043402550718879
0.1628,0.0004254038702027366,0.00050035930112635,0.000504041216776125
0.163,0.000425075835807102,0.0005000273031508982,0.0005037425153197119
0.1632,0.0004247484322151652,0.0004996958446104338,0.0005034441505060766
0.1634,0.00042442165749111154,0.0004993649241408029,0.0005031461221358534
0.1636,0.000424095509707273,0.0004990345403824133,0.0005028484300069157
0.1638,0.0004237699869440843,0.0004987046919802163,0.0005025510739144082
0.164,0.0004234450872900401,0.0004983753775836882,0.0005022540536507811
0.1642,0.0004231208088416511,0.0004980465958468126,0.0005019573690058202
0.1644,0.00042279714970340265,0.0004977183454280624,0.00050166101976668
0.1646,0.0004224741079877112,0.0004973906249903811,0.0005013650057179159
0.1648,0.0004221516818148832,0.0004970634332011659,0.0005010693266415141
0.165,0.00042182986931307213,0.000496736768732249,0.0005007739823169239
0.1652,0.0004215086686182381,0.0004964106302598808,0.0005004789725210877
0.1654,0.00042118807787410557,0.0004960850164647112,0.0005001842970284715
0.1656,0.00042086809523212245,0.0004957599260317729,0.000499889955611095
0.1658,0.00042054871885142026,0.0004954353576504632,0.0004995959480385623
0.166,0.00042022994689877233,0.0004951113100145274,0.0004993022740780904
0.1662,0.00041991177754855443,0.000494787781822041,0.0004990089334945383
0.1664,0.0004195942089827039,0.0004944647717753918,0.0004987159260504378
0.1666,0.00041927723939068085,0.0004941422785812637,0.0004984232515060201
0.1668,0.00041896086696942807,0.0004938203009506194,0.0004981309096192452
0.167,0.00041864508992333195,0.0004934988375986828,0.0004978389001458306
0.1672,0.0004183299064641835,0.0004931778872449227,0.0004975472228392784
0.1674,0.0004180153148111393,0.0004928574486130355,0.0004972558774509029
0.1676,0.0004177013131906835,0.0004925375204309286,0.0004969648637298589
0.1678,0.00041738789983658905,0.0004922181014307032,0.0004966741814231675
0.168,0.00041707507298988,0.0004918991903486384,0.0004963838302757444
0.1682,0.0004167628308987938,0.0004915807859251739,0.0004960938100304252
0.1684,0.0004164511718187432,0.0004912628869048939,0.0004958041204279927
0.1686,0.0004161400940122796,0.0004909454920365104,0.0004955147612072023
0.1688,0.00041582959574905555,0.000490628600072847,0.0004952257321048086
0.169,0.00041551967530578817,0.0004903122097708223,0.0004949370328555901
0.1692,0.00041521033096622226,0.0004899963198914346,0.0004946486631923752
0.1694,0.00041490156102109424,0.0004896809291997441,0.0004943606228460672
0.1696,0.00041459336376809566,0.0004893660364648582,0.000494072911545669
0.1698,0.0004142857375118377,0.0004890516404599149,0.0004937855290183078
0.17,0.00041397868056381473,0.0004887377399620674,0.0004934984749892598
0.1702,0.00041367219124237016,0.0004884243337524672,0.0004932117491819737
0.1704,0.0004133662678726594,0.0004881114206162488,0.0004929253513180952
0.1706,0.00041306090878661647,0.00048779899934251446,0.0004926392811174903
0.1708,0.0004127561123229179,0.00048748706872431806,0.0004923535382982693
0.171,0.0004124518768269493,0.00048717562755864937,0.0004920681225768094
0.1712,0.00041214820065077,0.0004868646746464187,0.0004917830336677787
0.1714,0.0004118450821530793,0.00048655420879244144,0.0004914982712841573
0.1716,0.0004115425196991825,0.00048624422880542273,0.000491213835137262
0.1718,0.000411240511660957,0.00048593473349794184,0.0004909297249367664
0.172,0.0004109390564168192,0.00048562572168643755,0.0004906459403907256
0.1722,0.0004106381523516904,0.0004853171921911918,0.0004903624812055959
0.1724,0.0004103377978569646,0.00048500914383631596,0.0004900793470862578
0.1726,0.00041003799133047445,0.0004847015754497348,0.0004897965377360368
0.1728,0.00040973873117645986,0.0004843944858631719,0.0004895140528567254
0.173,0.00040944001580553414,0.00048408787391213457,0.0004892318921486036
0.1732,0.0004091418436346527,0.0004837817384358988,0.0004889500553104604
0.1734,0.0004088442130870804,0.00048347607827749515,0.0004886685420396135
0.1736,0.0004085471225923598,0.00048317089228369284,0.0004883873520319314
0.1738,0.00040825057058627937,0.00048286617930498696,0.0004881064849818518
0.174,0.0004079545555108422,0.0004825619381955817,0.0004878259405824035
0.1742,0.000407659075814234,0.0004822581678133772,0.0004875457185252248
0.1744,0.0004073641299507929,0.0004819548670199547,0.00048726581850058476
0.1746,0.00040706971638097735,0.00048165203468056186,0.0004869862401974009
0.1748,0.00040677583357133664,0.0004813496696640994,0.00048670698330326027
0.175,0.00040648247999447917,0.00048104777084310546,0.00048642804750443773
0.1752,0.00040618965412904276,0.00048074633709374213,0.00048614943248591477
0.1754,0.00040589735445966405,0.00048044536729578143,0.00048587113793139897
0.1756,0.000405605579476949,0.0004801448603325909,0.0004855931635233422
0.1758,0.000405314327677442,0.0004798448150911195,0.0004853155089429589
0.176,0.0004050235975635976,0.0004795452304618838,0.00048503817387024446
0.1762,0.0004047333876437497,0.0004792461053389541,0.000484761157983994
0.1764,0.0004044436964320831,0.00047894743861994074,0.00048448446096181866
0.1766,0.0004041545224486041,0.00047864922920597987,0.00048420808248016524
0.1768,0.00040386586421911147,0.00047835147600172,0.0004839320222143321
0.177,0.00040357772027516787,0.00047805417791530846,0.0004836562798384877
0.1772,0.0004032900891540706,0.00047775733385837724,0.000483380855025687
0.1774,0.00040300296939882463,0.00047746094274603063,0.0004831057474478894
0.1776,0.0004027163595581123,0.0004771650034968297,0.00048283095677597454
0.1778,0.00040243025818626686,0.00047686951503278133,0.0004825564826797601
0.178,0.0004021446638432442,0.000476574476279323,0.00048228232482801773
0.1782,0.00040185957509459425,0.00047627988616531027,0.0004820084828884893
0.1784,0.0004015749905114344,0.00047598574362300313,0.0004817349565279037
0.1786,0.0004012909086704214,0.0004756920475880535,0.0004814617454119924
0.1788,0.00040100732815372467,0.00047539879699949145,0.0004811888492055058
0.179,0.0004007242475489987,0.00047510599079971167,0.0004809162675722287
0.1792,0.0004004416654493561,0.0004748136279344625,0.0004806440001749961
0.1794,0.00040015958045334135,0.00047452170735283006,0.0004803720466757089
0.1796,0.00039987799116490355,0.00047423022800722786,0.00048010040673534794
0.1798,0.00039959689619337076,0.0004739391888533825,0.00047982908001399145
0.18,0.000399316294153422,0.00047364858885032144,0.00047955806617082754
0.1802,0.0003990361836650636,0.00047335842696036003,0.0004792873648641711
0.1804,0.00039875656335360097,0.00047306870214908924,0.0004790169757514774
0.1806,0.00039847743184961434,0.00047277941338536223,0.0004787468984893571
0.1808,0.0003981987877889316,0.000472490559641283,0.0004784771327335902
0.181,0.0003979206298126039,0.00047220213989219236,0.0004782076781391412
0.1812,0.00039764295656688,0.0004719141531166568,0.00047793853436017245
0.1814,0.00039736576670318103,0.0004716265982964553,0.0004776697010500587
0.1816,0.00039708905887807466,0.00047133947441656754,0.0004774011778614006
0.1818,0.00039681283175325174,0.0004710527804651612,0.0004771329644460389
0.182,0.00039653708399549977,0.00047076651543357956,0.0004768650604550672
0.1822,0.000396261814276679,0.0004704806783163297,0.00047659746553884656
0.1824,0.0003959870212736987,0.0004701952681110707,0.0004763301793470183
0.1826,0.0003957127036684913,0.00046991028381860016,0.0004760632015285171
0.1828,0.0003954388601479894,0.0004696257244428443,0.0004757965317315839
0.183,0.00039516548940410074,0.0004693415889908436,0.00047553016960377964
0.1832,0.00039489259013368523,0.0004690578764727429,0.00047526411479199734
0.1834,0.00039462016103853015,0.00046877458590177825,0.0004749983669424751
0.1836,0.00039434820082532733,0.0004684917162942658,0.00047473292570080877
0.1838,0.000394076708205649,0.0004682092666695899,0.00047446779071196423
0.184,0.00039380568189592525,0.0004679272360501907,0.00047420296162028997
0.1842,0.00039353512061741924,0.00046764562346155353,0.0004739384380695287
0.1844,0.00039326502309620595,0.0004673644279321965,0.0004736742197028301
0.1846,0.0003929953880631478,0.0004670836484936598,0.0004734103061627629
0.1848,0.0003927262142538724,0.0004668032841804925,0.0004731466970913257
0.185,0.0003924575004087498,0.00046652333403024356,0.00047288339212995996
0.1852,0.0003921892452728698,0.00046624379708344805,0.000472620390919561
0.1854,0.00039192144759601943,0.0004659646723836171,0.000472357693100489
0.1856,0.00039165410613266094,0.0004656859589772265,0.0004720952983125817
0.1858,0.000391387219641909,0.00046540765591370495,0.00047183320619516447
0.186,0.0003911207868875093,0.0004651297622454233,0.0004715714163870622
0.1862,0.00039085480663781627,0.00046485227702768305,0.0004713099285266098
0.1864,0.0003905892776657713,0.00046457519931870537,0.0004710487422516638
0.1866,0.0003903241987488808,0.00046429852817962046,0.00047078785719961247
0.1868,0.0003900595686691954,0.00046402226267445534,0.00047052727300738725
0.187,0.00038979538621328744,0.0004637464018701244,0.0004702669893114726
0.1872,0.0003895316501722306,0.00046347094483641706,0.00047000700574791754
0.1874,0.00038926835934157794,0.0004631958906459881,0.0004697473219523447
0.1876,0.00038900551252134133,0.0004629212383743462,0.00046948793755996227
0.1878,0.0003887431085159706,0.0004626469870998429,0.0004692288522055726
0.188,0.00038848114613433183,0.00046237313590366264,0.00046897006552358344
0.1882,0.00038821962418968803,0.0004620996838698113,0.00046871157714801744
0.1884,0.0003879585414996769,0.000461826630085106,0.00046845338671252194
0.1886,0.0003876978968862918,0.00046155397363916437,0.00046819549385037956
0.1888,0.0003874376891758603,0.0004612817136243943,0.0004679378981945168
0.189,0.0003871779171990249,0.00046100984913598263,0.0004676805993775141
0.1892,0.0003869185797907217,0.0004607383792718857,0.00046742359703161573
0.1894,0.0003866596757901619,0.00046046730313281816,0.00046716689078873903
0.1896,0.0003864012040408102,0.000460196619822243,0.0004669104802804833
0.1898,0.00038614316339036616,0.00045992632844636124,0.00046665436513813934
0.19,0.00038588555269074444,0.00045965642811410126,0.0004663985449926987
0.1902,0.00038562837079805453,0.0004593869179371091,0.0004661430194748624
0.1904,0.000385371616572582,0.00045911779702973777,0.0004658877882150505
0.1906,0.0003851152888787688,0.00045884906450903743,0.00046563285084341
0.1908,0.0003848593865851938,0.0004585807194947453,0.00046537820698982455
0.191,0.00038460390856455445,0.0004583127611092755,0.00046512385628392247
0.1912,0.0003843488536936466,0.00045804518847770867,0.0004648697983550858
0.1914,0.00038409422085334676,0.0004577780007277828,0.0004646160328324584
0.1916,0.0003838400089285921,0.00045751119698988265,0.00046436255934495453
0.1918,0.0003835862168083629,0.0004572447763970301,0.0004641093775212676
0.192,0.00038333284338566297,0.00045697873808487417,0.0004638564869898778
0.1922,0.00038307988755750165,0.0004567130811916815,0.00046360388737906057
0.1924,0.0003828273482248753,0.00045644780485832654,0.0004633515783168944
0.1926,0.00038257522429274916,0.0004561829082282811,0.00046309955943126907
0.1928,0.00038232351467003874,0.000455918390447606,0.00046284783034989427
0.193,0.00038207221826959176,0.00045565425066494025,0.00046259639070030567
0.1932,0.0003818213340081709,0.0004553904880314921,0.00046234524010987444
0.1934,0.0003815708608064351,0.00045512710170102954,0.000462094378205814
0.1936,0.0003813207975889218,0.00045486409082987,0.0004618438046151876
0.1938,0.00038107114328402963,0.00045460145457687187,0.00046159351896491656
0.194,0.0003808218968240007,0.0004543391921034246,0.00046134352088178683
0.1942,0.00038057305714490273,0.00045407730257343944,0.0004610938099924568
0.1944,0.0003803246231866123,0.00045381578515333963,0.00046084438592346476
0.1946,0.00038007659389279684,0.0004535546390120519,0.0004605952483012357
0.1948,0.00037982896821089787,0.0004532938633209967,0.0004603463967520887
0.195,0.0003795817450921135,0.0004530334572540787,0.0004600978309022437
0.1952,0.0003793349234913822,0.00045277341998767854,0.00045984955037782943
0.1954,0.00037908850236736475,0.0004525137507006428,0.00045960155480488863
0.1956,0.0003788424806824281,0.00045225444857427465,0.00045935384380938696
0.1958,0.0003785968574026283,0.0004519955127923265,0.0004591064170172179
0.196,0.00037835163149769465,0.0004517369425409888,0.0004588592740542107
0.1962,0.00037810680194101155,0.00045147873700888237,0.00045861241454613636
0.1964,0.00037786236770960384,0.0004512208953870493,0.0004583658381187148
0.1966,0.00037761832778411867,0.0004509634168689434,0.0004581195443976205
0.1968,0.00037737468114881084,0.00045070630065042214,0.0004578735330084901
0.197,0.00037713142679152514,0.0004504495459297373,0.00045762780357692717
0.1972,0.0003768885637036815,0.0004501931519075265,0.00045738235572851033
0.1974,0.0003766460908802579,0.0004499371177868037,0.000457137189088798
0.1976,0.0003764040073197751,0.00044968144277295156,0.0004568923032833352
0.1978,0.0003761623120242805,0.00044942612607371213,0.0004566476979376602
0.198,0.0003759210039993325,0.00044917116689917807,0.0004564033726773091
0.1982,0.0003756800822539845,0.0004489165644617843,0.0004561593271278233
0.1984,0.0003754395458007696,0.0004486623179762993,0.0004559155609147542
0.1986,0.00037519939365568536,0.00044840842665981687,0.00045567207366367
0.1988,0.00037495962483817736,0.0004481548897317472,0.00045542886500016114
0.199,0.0003747202383711255,0.00044790170641380853,0.00045518593454984586
0.1992,0.0003744812332808266,0.00044764887593001893,0.00045494328193837604
0.1994,0.0003742426085969811,0.0004473963975066876,0.00045470090679144255
0.1996,0.0003740043633526767,0.00044714427037240644,0.0004544588087347811
0.1998,0.0003737664965843745,0.00044689249375804254,0.0004542169873941776
