a1,a2,x,y,z,velocityx_avg,velocityy_avg,velocityz_avg
1386.0,0.0,2689.834406137875,2022.7615982463212,90.0,9.98638397819757,5.521066020441428,-0.027019771105724445
1386.0,1.0,2689.334406137875,2023.6276236501058,90.0,9.991472471505935,5.520480689208416,-0.02963186938758007
1386.0,2.0,2688.834406137875,2024.49364905389,90.0,9.9965609648143,5.5198953579754,-0.03224396766943569
1386.0,3.0,2688.334406137875,2025.3596744576746,90.0,10.001649458122666,5.519310026742388,-0.03485606595129132
1386.0,4.0,2687.834406137875,2026.225699861459,90.0,10.006737951431031,5.518724695509373,-0.03746816423314694
1386.0,5.0,2687.334406137875,2027.0917252652434,90.0,10.011826444739397,5.51813936427636,-0.04008026251500256
1386.0,6.0,2686.834406137875,2027.957750669028,90.0,10.01691493804776,5.517554033043346,-0.04269236079685819
1386.0,7.0,2686.334406137875,2028.8237760728123,90.0,10.02019581344207,5.516102396438135,-0.04374889753730841
1386.0,8.0,2685.834406137875,2029.6898014765968,90.0,10.02270199544464,5.514279486101985,-0.044138765045727585
1386.0,9.0,2685.334406137875,2030.5558268803811,90.0,10.02520817744721,5.512456575765832,-0.044528632554146755
1386.0,10.0,2684.834406137875,2031.4218522841657,90.0,10.02771435944978,5.51063366542968,-0.04491850006256593
1386.0,11.0,2684.334406137875,2032.28787768795,90.0,10.03022054145235,5.508810755093529,-0.04530836757098511
1386.0,12.0,2683.834406137875,2033.1539030917345,90.0,10.032726723454918,5.506987844757377,-0.04569823507940428
1386.0,13.0,2683.334406137875,2034.019928495519,90.0,10.034715797887724,5.5054836537259435,-0.04590518157408425
1386.0,14.0,2682.834406137875,2034.8859538993033,90.0,10.03592921096588,5.50445754165159,-0.04583774654815539
1386.0,15.0,2682.334406137875,2035.7519793030879,90.0,10.037142624044037,5.503431429577235,-0.04577031152222654
1386.0,16.0,2681.834406137875,2036.6180047068722,90.0,10.038356037122195,5.502405317502882,-0.0457028764962977
1386.0,17.0,2681.334406137875,2037.4840301106567,90.0,10.039569450200352,5.5013792054285275,-0.04563544147036884
1386.0,18.0,2680.834406137875,2038.350055514441,90.0,10.040782863278507,5.500353093354174,-0.04556800644444
1386.0,19.0,2680.334406137875,2039.2160809182255,90.0,10.042075205542071,5.499530491247323,-0.045459973232518075
1386.0,20.0,2679.834406137875,2040.08210632201,90.0,10.044077910474305,5.500539478847997,-0.04498655634665837
1386.0,21.0,2679.334406137875,2040.9481317257944,90.0,10.046080615406538,5.5015484664486705,-0.04451313946079867
1386.0,22.0,2678.834406137875,2041.814157129579,90.0,10.048083320338774,5.502557454049345,-0.044039722574938975
1386.0,23.0,2678.334406137875,2042.6801825333632,90.0,10.050086025271005,5.503566441650019,-0.04356630568907925
1386.0,24.0,2677.834406137875,2043.5462079371478,90.0,10.052088730203238,5.504575429250693,-0.043092888803219556
1386.0,25.0,2677.334406137875,2044.4122333409323,90.0,10.054091435135472,5.505584416851367,-0.04261947191735986
1386.0,26.0,2676.834406137875,2045.2782587447166,90.0,10.054844610631132,5.506789505926641,-0.04095199652296618
1386.0,27.0,2676.334406137875,2046.1442841485011,90.0,10.05528540376765,5.50804362037057,-0.038986006501439074
1386.0,28.0,2675.834406137875,2047.0103095522854,90.0,10.05572619690417,5.509297734814497,-0.03702001647991197
1386.0,29.0,2675.334406137875,2047.87633495607,90.0,10.056166990040685,5.510551849258424,-0.03505402645838486
1386.0,30.0,2674.834406137875,2048.7423603598545,90.0,10.056607783177204,5.5118059637023515,-0.033088036436857746
1386.0,31.0,2674.334406137875,2049.608385763639,90.0,10.057048576313724,5.513060078146278,-0.031122046415330635
1386.0,32.0,2673.834406137875,2050.474411167423,90.0,10.055207336514243,5.513662931596004,-0.028630689579170056
1386.0,33.0,2673.334406137875,2051.3404365712076,90.0,10.051084063778767,5.513614524051525,-0.02561396592837596
1386.0,34.0,2672.834406137875,2052.206461974992,90.0,10.046960791043292,5.513566116507049,-0.022597242277581864
1386.0,35.0,2672.334406137875,2053.0724873787767,90.0,10.042837518307813,5.513517708962571,-0.019580518626787766
1386.0,36.0,2671.834406137875,2053.938512782561,90.0,10.038714245572338,5.513469301418095,-0.01656379497599367
1386.0,37.0,2671.334406137875,2054.8045381863453,90.0,10.034590972836861,5.513420893873617,-0.013547071325199573
1386.0,38.0,2670.834406137875,2055.67056359013,90.0,10.029913291232424,5.513275512180045,-0.01082045489047155
1386.0,39.0,2670.334406137875,2056.5365889939144,90.0,10.023017974152163,5.512742233890095,-0.009254267320008362
1386.0,40.0,2669.834406137875,2057.402614397699,90.0,10.016122657071898,5.512208955600146,-0.0076880797495451755
1386.0,41.0,2669.334406137875,2058.268639801483,90.0,10.009227339991634,5.511675677310197,-0.006121892179081991
1386.0,42.0,2668.834406137875,2059.1346652052675,90.0,10.002332022911371,5.511142399020247,-0.0045557046086188045
1386.0,43.0,2668.334406137875,2060.000690609052,90.0,9.995436705831109,5.510609120730297,-0.002989517038155619
1386.0,44.0,2667.834406137875,2060.8667160128366,90.0,9.988541388750845,5.510075842440347,-0.001423329467692433
1386.0,45.0,2667.334406137875,2061.732741416621,90.0,9.982661854151226,5.509870674832876,-0.0030071571017544893
1386.0,46.0,2666.834406137875,2062.598766820405,90.0,9.976895184271683,5.509701963967903,-0.0049409864252083
1386.0,47.0,2666.334406137875,2063.4647922241898,90.0,9.971128514392138,5.509533253102928,-0.006874815748662111
1386.0,48.0,2665.834406137875,2064.3308176279743,90.0,9.965361844512593,5.509364542237955,-0.008808645072115921
1386.0,49.0,2665.334406137875,2065.196843031759,90.0,9.959595174633048,5.509195831372979,-0.010742474395569733
1386.0,50.0,2664.834406137875,2066.0628684355434,90.0,9.953828504753503,5.509027120508007,-0.012676303719023544
1386.0,51.0,2664.334406137875,2066.9288938393274,90.0,9.949460163563241,5.5093299044860915,-0.01481772470430011
1386.0,52.0,2663.834406137875,2067.794919243112,90.0,9.946024041499166,5.509947018359548,-0.017097540130791886
1386.0,53.0,2663.334406137875,2068.6609446468965,90.0,9.94258791943509,5.5105641322330055,-0.019377355557283652
1386.0,54.0,2662.834406137875,2069.526970050681,90.0,9.939151797371013,5.511181246106462,-0.021657170983775426
1386.0,55.0,2662.334406137875,2070.3929954544656,90.0,9.935715675306938,5.51179835997992,-0.023936986410267196
1386.0,56.0,2661.834406137875,2071.2590208582496,90.0,9.93227955324286,5.512415473853377,-0.026216801836758966
1386.0,57.0,2661.334406137875,2072.125046262034,90.0,9.929162845718828,5.5133438570102395,-0.02781636341908831
1386.0,58.0,2660.834406137875,2072.9910716658187,90.0,9.92679143878822,5.514998535161712,-0.02782866603170529
1386.0,59.0,2660.334406137875,2073.8570970696032,90.0,9.924420031857615,5.516653213313186,-0.02784096864432228
1386.0,60.0,2659.834406137875,2074.723122473388,90.0,9.922048624927005,5.518307891464658,-0.02785327125693926
1386.0,61.0,2659.334406137875,2075.589147877172,90.0,9.919677217996398,5.51996256961613,-0.027865573869556248
1386.0,62.0,2658.834406137875,2076.4551732809564,90.0,9.917305811065791,5.521617247767604,-0.02787787648217323
1386.0,63.0,2658.334406137875,2077.321198684741,90.0,9.914934404135183,5.523271925919077,-0.02789017909479022
1386.0,64.0,2657.834406137875,2078.1872240885255,90.0,9.912587175024946,5.525546696752479,-0.027221414006181714
1386.0,65.0,2657.334406137875,2079.0532494923095,90.0,9.910239945914709,5.527821467585879,-0.02655264891757317
1386.0,66.0,2656.834406137875,2079.919274896094,90.0,9.907892716804472,5.530096238419281,-0.02588388382896463
1386.0,67.0,2656.334406137875,2080.7853002998786,90.0,9.905545487694235,5.532371009252683,-0.025215118740356087
1386.0,68.0,2655.834406137875,2081.651325703663,90.0,9.903198258583998,5.534645780086085,-0.024546353651747548
1386.0,69.0,2655.334406137875,2082.5173511074477,90.0,9.90085102947376,5.536920550919485,-0.023877588563139002
1386.0,70.0,2654.834406137875,2083.3833765112317,90.0,9.898787288016932,5.539760116702001,-0.02392140126374574
1386.0,71.0,2654.334406137875,2084.2494019150163,90.0,9.896845041268705,5.542841737462708,-0.024270604445444873
1386.0,72.0,2653.834406137875,2085.115427318801,90.0,9.894902794520476,5.545923358223415,-0.024619807627144007
1386.0,73.0,2653.334406137875,2085.9814527225853,90.0,9.892960547772251,5.549004978984121,-0.024969010808843145
1386.0,74.0,2652.834406137875,2086.84747812637,90.0,9.891018301024024,5.552086599744828,-0.025318213990542283
1386.0,75.0,2652.334406137875,2087.713503530154,90.0,9.8890760542758,5.555168220505533,-0.025667417172241417
1386.0,76.0,2651.834406137875,2088.5795289339385,90.0,9.886877249141177,5.558734465260088,-0.025797276690661293
1386.0,77.0,2651.334406137875,2089.445554337723,90.0,9.884293606426967,5.563027646005413,-0.025598120714162235
1386.0,78.0,2650.834406137875,2090.3115797415076,90.0,9.881709963712755,5.567320826750737,-0.02539896473766318
1386.0,79.0,2650.334406137875,2091.177605145292,90.0,9.879126320998544,5.571614007496063,-0.025199808761164122
1386.0,80.0,2649.834406137875,2092.043630549076,90.0,9.876542678284334,5.575907188241388,-0.025000652784665064
1386.0,81.0,2649.334406137875,2092.9096559528607,90.0,9.873959035570124,5.580200368986712,-0.024801496808166002
1386.0,82.0,2648.834406137875,2093.7756813566452,90.0,9.871207002807232,5.584512776348359,-0.024476863219607608
1386.0,83.0,2648.334406137875,2094.6417067604298,90.0,9.866939459606249,5.588998223256906,-0.02302293112251406
1386.0,84.0,2647.834406137875,2095.507732164214,90.0,9.862671916405256,5.593483670165455,-0.021568999025420508
1386.0,85.0,2647.334406137875,2096.3737575679984,90.0,9.858404373204266,5.597969117074003,-0.02011506692832696
1386.0,86.0,2646.834406137875,2097.239782971783,90.0,9.854136830003279,5.602454563982549,-0.018661134831233415
1386.0,87.0,2646.334406137875,2098.1058083755674,90.0,9.84986928680229,5.6069400108910985,-0.017207202734139865
1386.0,88.0,2645.834406137875,2098.971833779352,90.0,9.845601743601302,5.611425457799646,-0.015753270637046318
1386.0,89.0,2645.334406137875,2099.837859183136,90.0,9.841617638588412,5.615143794897008,-0.015179158069958582
1386.0,90.0,2644.834406137875,2100.7038845869206,90.0,9.837704393122545,5.618670354541574,-0.014825000385372341
1386.0,91.0,2644.334406137875,2101.569909990705,90.0,9.833791147656678,5.622196914186139,-0.014470842700786102
1386.0,92.0,2643.834406137875,2102.4359353944897,90.0,9.82987790219081,5.625723473830705,-0.014116685016199865
1386.0,93.0,2643.334406137875,2103.301960798274,90.0,9.825964656724945,5.62925003347527,-0.013762527331613624
1386.0,94.0,2642.834406137875,2104.1679862020583,90.0,9.82205141125908,5.632776593119837,-0.013408369647027386
1386.0,95.0,2642.334406137875,2105.034011605843,90.0,9.819469707251036,5.635546963111396,-0.013994027869478586
1386.0,96.0,2641.834406137875,2105.9000370096273,90.0,9.818219544700815,5.637561143449951,-0.015519501998967488
1386.0,97.0,2641.334406137875,2106.766062413412,90.0,9.816969382150598,5.639575323788506,-0.017044976128456395
1386.0,98.0,2640.834406137875,2107.6320878171964,90.0,9.81571921960038,5.641589504127062,-0.0185704502579453
1386.0,99.0,2640.334406137875,2108.4981132209805,90.0,9.81446905705016,5.6436036844656154,-0.02009592438743421
1386.0,100.0,2639.834406137875,2109.364138624765,90.0,9.81321889449994,5.645617864804169,-0.021621398516923112
1386.0,101.0,2639.334406137875,2110.2301640285496,90.0,9.81212507850124,5.647400621297999,-0.023131661724334274
1386.0,102.0,2638.834406137875,2111.096189432334,90.0,9.811656648708608,5.648257682412929,-0.024581081243434437
1386.0,103.0,2638.334406137875,2111.9622148361186,90.0,9.811188218915976,5.649114743527857,-0.026030500762534596
1386.0,104.0,2637.834406137875,2112.8282402399027,90.0,9.810719789123343,5.649971804642786,-0.02747992028163475
1386.0,105.0,2637.334406137875,2113.6942656436872,90.0,9.810251359330712,5.650828865757714,-0.028929339800734907
1386.0,106.0,2636.834406137875,2114.5602910474718,90.0,9.809782929538079,5.651685926872643,-0.03037875931983507
1386.0,107.0,2636.334406137875,2115.4263164512563,90.0,9.809314499745447,5.652542987987571,-0.03182817883893523
1386.0,108.0,2635.834406137875,2116.292341855041,90.0,9.806587948813917,5.651248088543283,-0.033874196799158186
1386.0,109.0,2635.334406137875,2117.158367258825,90.0,9.803610495533619,5.64971408237019,-0.03598650347506151
1386.0,110.0,2634.834406137875,2118.0243926626094,90.0,9.800633042253324,5.648180076197098,-0.03809881015096482
1386.0,111.0,2634.334406137875,2118.890418066394,90.0,9.797655588973024,5.646646070024007,-0.04021111682686814
1386.0,112.0,2633.834406137875,2119.7564434701785,90.0,9.794678135692727,5.645112063850914,-0.042323423502771455
1386.0,113.0,2633.334406137875,2120.6224688739626,90.0,9.79170068241243,5.643578057677823,-0.044435730178674776
1386.0,114.0,2632.834406137875,2121.488494277747,90.0,9.785347028804145,5.639532825644139,-0.047838468314120544
1386.0,115.0,2632.334406137875,2122.3545196815317,90.0,9.776742574977199,5.633813443036726,-0.052101494089261687
1386.0,116.0,2631.834406137875,2123.220545085316,90.0,9.768138121150255,5.628094060429313,-0.05636451986440284
1386.0,117.0,2631.334406137875,2124.0865704891007,90.0,9.759533667323307,5.622374677821901,-0.06062754563954398
1386.0,118.0,2630.834406137875,2124.952595892885,90.0,9.750929213496361,5.616655295214488,-0.06489057141468514
1386.0,119.0,2630.334406137875,2125.8186212966693,90.0,9.742324759669417,5.610935912607076,-0.06915359718982629
1386.0,120.0,2629.834406137875,2126.684646700454,90.0,9.73226646705496,5.6044043454551895,-0.0738519422964559
1386.0,121.0,2629.334406137875,2127.5506721042384,90.0,9.718815883936317,5.595977681032867,-0.07956603250989229
1386.0,122.0,2628.834406137875,2128.416697508023,90.0,9.705365300817675,5.587551016610542,-0.08528012272332863
1386.0,123.0,2628.334406137875,2129.282722911807,90.0,9.69191471769903,5.579124352188219,-0.090994212936765
1386.0,124.0,2627.834406137875,2130.1487483155915,90.0,9.678464134580386,5.570697687765896,-0.09670830315020135
1386.0,125.0,2627.334406137875,2131.014773719376,90.0,9.665013551461742,5.562271023343572,-0.1024223933636377
1386.0,126.0,2626.834406137875,2131.8807991231606,90.0,9.651562968343097,5.55384435892125,-0.10813648357707377
1386.0,127.0,2626.334406137875,2132.746824526945,90.0,9.635862616558619,5.544716187637153,-0.11087565679717258
1386.0,128.0,2625.834406137875,2133.612849930729,90.0,9.62016226477414,5.535588016353058,-0.11361483001727138
1386.0,129.0,2625.334406137875,2134.4788753345138,90.0,9.60446191298966,5.526459845068962,-0.11635400323737019
1386.0,130.0,2624.834406137875,2135.3449007382983,90.0,9.58876156120518,5.517331673784868,-0.119093176457469
1386.0,131.0,2624.334406137875,2136.210926142083,90.0,9.573061209420702,5.508203502500771,-0.12183234967756783
1386.0,132.0,2623.834406137875,2137.076951545867,90.0,9.557360857636223,5.499075331216677,-0.12457152289766661
1386.0,133.0,2623.334406137875,2137.9429769496514,90.0,9.53961245996197,5.488498773456993,-0.12132917662814396
1386.0,134.0,2622.834406137875,2138.809002353436,90.0,9.520986328334963,5.477301478636346,-0.11552332200592695
1386.0,135.0,2622.334406137875,2139.6750277572205,90.0,9.502360196707953,5.466104183815698,-0.1097174673837099
1386.0,136.0,2621.834406137875,2140.541053161005,90.0,9.483734065080945,5.454906888995052,-0.1039116127614929
1386.0,137.0,2621.334406137875,2141.407078564789,90.0,9.465107933453934,5.443709594174404,-0.09810575813927587
1386.0,138.0,2620.834406137875,2142.2731039685737,90.0,9.446481801826925,5.432512299353757,-0.09229990351705884
1386.0,139.0,2620.334406137875,2143.139129372358,90.0,9.426335285676409,5.4194130554966184,-0.08377956206578234
1386.0,140.0,2619.834406137875,2144.0051547761427,90.0,9.403908192740627,5.403460888084741,-0.07118749037091861
1386.0,141.0,2619.334406137875,2144.8711801799273,90.0,9.381481099804844,5.387508720672865,-0.058595418676054875
1386.0,142.0,2618.834406137875,2145.7372055837113,90.0,9.359054006869062,5.37155655326099,-0.046003346981191164
1386.0,143.0,2618.334406137875,2146.603230987496,90.0,9.336626913933282,5.355604385849113,-0.03341127528632744
1386.0,144.0,2617.834406137875,2147.4692563912804,90.0,9.314199820997501,5.339652218437236,-0.020819203591463706
1386.0,145.0,2617.334406137875,2148.335281795065,90.0,9.291504220241817,5.323317773113529,-0.007914844022852523
1386.0,146.0,2616.834406137875,2149.2013071988495,90.0,9.266392049107004,5.303542826583328,0.007800106409484249
1386.0,147.0,2616.334406137875,2150.0673326026335,90.0,9.241279877972193,5.2837678800531265,0.023515056841821022
1386.0,148.0,2615.834406137875,2150.933358006418,90.0,9.21616770683738,5.263992933522926,0.0392300072741578
1386.0,149.0,2615.334406137875,2151.7993834102026,90.0,9.191055535702569,5.244217986992725,0.05494495770649457
1386.0,150.0,2614.834406137875,2152.665408813987,90.0,9.165943364567758,5.224443040462524,0.07065990813883134
1386.0,151.0,2614.334406137875,2153.5314342177717,90.0,9.140831193432946,5.204668093932323,0.0863748585711681
1386.0,152.0,2613.834406137875,2154.3974596215558,90.0,9.113157030584798,5.184034842047126,0.10010697228701754
1386.0,153.0,2613.334406137875,2155.2634850253403,90.0,9.084842369808314,5.163187013823181,0.11334337682374553
1386.0,154.0,2612.834406137875,2156.129510429125,90.0,9.056527709031831,5.1423391855992335,0.1265797813604735
1386.0,155.0,2612.334406137875,2156.9955358329094,90.0,9.028213048255349,5.121491357375288,0.1398161858972015
1386.0,156.0,2611.834406137875,2157.861561236694,90.0,8.999898387478865,5.100643529151342,0.15305259043392946
1386.0,157.0,2611.334406137875,2158.727586640478,90.0,8.97158372670238,5.079795700927398,0.16628899497065747
1386.0,158.0,2610.834406137875,2159.5936120442625,90.0,8.941458684251272,5.058211697355995,0.17637166214188077
1386.0,159.0,2610.334406137875,2160.459637448047,90.0,8.909523260125535,5.035891518437133,0.1833005919476
1386.0,160.0,2609.834406137875,2161.3256628518316,90.0,8.8775878359998,5.01357133951827,0.1902295217533193
1386.0,161.0,2609.334406137875,2162.191688255616,90.0,8.845652411874065,4.9912511605994085,0.19715845155903855
1386.0,162.0,2608.834406137875,2163.0577136594,90.0,8.813716987748329,4.968930981680548,0.20408738136475787
1386.0,163.0,2608.334406137875,2163.9237390631847,90.0,8.781781563622593,4.946610802761687,0.21101631117047714
1386.0,164.0,2607.834406137875,2164.7897644669692,90.0,8.7491417355381,4.923676878568689,0.21733373918935298
1386.0,165.0,2607.334406137875,2165.655789870754,90.0,8.713684291618582,4.898287973279151,0.22120516006085528
1386.0,166.0,2606.834406137875,2166.521815274538,90.0,8.678226847699065,4.8728990679896125,0.22507658093235755
1386.0,167.0,2606.334406137875,2167.3878406783224,90.0,8.642769403779546,4.847510162700073,0.22894800180385985
1386.0,168.0,2605.834406137875,2168.253866082107,90.0,8.607311959860029,4.822121257410534,0.2328194226753621
1386.0,169.0,2605.334406137875,2169.1198914858915,90.0,8.571854515940512,4.796732352120996,0.23669084354686443
1386.0,170.0,2604.834406137875,2169.985916889676,90.0,8.536397072020995,4.771343446831456,0.2405622644183667
1386.0,171.0,2604.334406137875,2170.85194229346,90.0,8.501431170289658,4.745275968044749,0.24489124391686753
1386.0,172.0,2603.834406137875,2171.7179676972446,90.0,8.466519884357014,4.719133092202801,0.24927106326281268
1386.0,173.0,2603.334406137875,2172.583993101029,90.0,8.431608598424367,4.692990216360853,0.25365088260875784
1386.0,174.0,2602.834406137875,2173.4500185048137,90.0,8.396697312491721,4.666847340518905,0.2580307019547029
1386.0,175.0,2602.334406137875,2174.316043908598,90.0,8.361786026559072,4.640704464676958,0.26241052130064796
1386.0,176.0,2601.834406137875,2175.1820693123823,90.0,8.326874740626426,4.614561588835008,0.2667903406465931
1386.0,177.0,2601.334406137875,2176.048094716167,90.0,8.291188218136957,4.588680868195659,0.27118105612798105
1386.0,178.0,2600.834406137875,2176.9141201199513,90.0,8.254984871276271,4.562974917691376,0.2755790356996642
1386.0,179.0,2600.334406137875,2177.780145523736,90.0,8.218781524415583,4.537268967187092,0.27997701527134733
1386.0,180.0,2599.834406137875,2178.64617092752,90.0,8.182578177554898,4.511563016682808,0.2843749948430305
1386.0,181.0,2599.334406137875,2179.5121963313045,90.0,8.146374830694212,4.485857066178525,0.28877297441471367
1386.0,182.0,2598.834406137875,2180.378221735089,90.0,8.110171483833525,4.460151115674241,0.29317095398639686
1386.0,183.0,2598.334406137875,2181.2442471388736,90.0,8.075150422939188,4.435442610169223,0.29643003924717365
1386.0,184.0,2597.834406137875,2182.110272542658,90.0,8.04288802929966,4.413061476329158,0.29703170444917004
1386.0,185.0,2597.334406137875,2182.976297946442,90.0,8.010625635660134,4.390680342489094,0.2976333696511664
1386.0,186.0,2596.834406137875,2183.8423233502267,90.0,7.978363242020604,4.368299208649029,0.2982350348531628
1386.0,187.0,2596.334406137875,2184.7083487540112,90.0,7.946100848381078,4.345918074808963,0.29883670005515917
1386.0,188.0,2595.834406137875,2185.574374157796,90.0,7.9138384547415495,4.323536940968899,0.29943836525715556
1386.0,189.0,2595.334406137875,2186.4403995615803,90.0,7.881576061102021,4.301155807128834,0.30004003045915184
1386.0,190.0,2594.834406137875,2187.3064249653644,90.0,7.8574489206819935,4.284146042686072,0.2967943689005868
1386.0,191.0,2594.334406137875,2188.172450369149,90.0,7.833321780261965,4.26713627824331,0.2935487073420217
1386.0,192.0,2593.834406137875,2189.0384757729335,90.0,7.809194639841936,4.250126513800548,0.29030304578345667
1386.0,193.0,2593.334406137875,2189.904501176718,90.0,7.785067499421906,4.233116749357786,0.2870573842248916
1386.0,194.0,2592.834406137875,2190.7705265805025,90.0,7.760940359001877,4.216106984915024,0.28381172266632654
1386.0,195.0,2592.334406137875,2191.6365519842866,90.0,7.7368132185818475,4.199097220472263,0.28056606110776144
1386.0,196.0,2591.834406137875,2192.502577388071,90.0,7.716959281429581,4.184810303224277,0.2791521413276302
1386.0,197.0,2591.334406137875,2193.3686027918557,90.0,7.698936717106356,4.171690320488339,0.2785232537382565
1386.0,198.0,2590.834406137875,2194.23462819564,90.0,7.680914152783132,4.158570337752401,0.2778943661488827
1386.0,199.0,2590.334406137875,2195.1006535994247,90.0,7.662891588459907,4.145450355016464,0.277265478559509
1386.0,200.0,2589.834406137875,2195.966679003209,90.0,7.644869024136683,4.132330372280526,0.2766365909701352
1386.0,201.0,2589.334406137875,2196.8327044069933,90.0,7.626846459813456,4.1192103895445875,0.27600770338076147
1386.0,202.0,2588.834406137875,2197.698729810778,90.0,7.6112760226262335,4.1073219934897445,0.2774818877370058
1386.0,203.0,2588.334406137875,2198.5647552145624,90.0,7.599383776143012,4.097280977456543,0.28211068001167633
1386.0,204.0,2587.834406137875,2199.430780618347,90.0,7.5874915296597925,4.087239961423341,0.2867394722863469
1386.0,205.0,2587.334406137875,2200.296806022131,90.0,7.575599283176571,4.07719894539014,0.29136826456101744
1386.0,206.0,2586.834406137875,2201.1628314259156,90.0,7.563707036693348,4.067157929356938,0.29599705683568805
1386.0,207.0,2586.334406137875,2202.0288568297,90.0,7.551814790210127,4.0571169133237355,0.30062584911035856
1386.0,208.0,2585.834406137875,2202.8948822334846,90.0,7.540295757290614,4.047401589607996,0.30482367886855083
1386.0,209.0,2585.334406137875,2203.760907637269,90.0,7.532135646444465,4.04061749674941,0.30514284597843755
1386.0,210.0,2584.834406137875,2204.6269330410532,90.0,7.523975535598318,4.033833403890823,0.30546201308832416
1386.0,211.0,2584.334406137875,2205.4929584448378,90.0,7.515815424752169,4.027049311032236,0.30578118019821093
1386.0,212.0,2583.834406137875,2206.3589838486223,90.0,7.507655313906021,4.02026521817365,0.3061003473080976
1386.0,213.0,2583.334406137875,2207.225009252407,90.0,7.499495203059873,4.013481125315064,0.3064195144179843
1386.0,214.0,2582.834406137875,2208.091034656191,90.0,7.491335092213725,4.0066970324564775,0.306738681527871
1386.0,215.0,2582.334406137875,2208.9570600599754,90.0,7.485791201959942,4.002989897740034,0.3010832313288311
1386.0,216.0,2581.834406137875,2209.82308546376,90.0,7.480901366854249,4.000052002559123,0.2939341268025602
1386.0,217.0,2581.334406137875,2210.6891108675445,90.0,7.476011531748554,3.997114107378213,0.28678502227628927
1386.0,218.0,2580.834406137875,2211.555136271329,90.0,7.47112169664286,3.994176212197303,0.27963591775001834
1386.0,219.0,2580.334406137875,2212.421161675113,90.0,7.466231861537166,3.9912383170163923,0.2724868132237474
1386.0,220.0,2579.834406137875,2213.2871870788977,90.0,7.461342026431473,3.988300421835483,0.2653377086974766
1386.0,221.0,2579.334406137875,2214.153212482682,90.0,7.458218221601278,3.9875892539798428,0.25644221807885687
1386.0,222.0,2578.834406137875,2215.0192378864667,90.0,7.456860447046581,3.9891048134494698,0.24580034136788853
1386.0,223.0,2578.334406137875,2215.8852632902513,90.0,7.455502672491885,3.9906203729190985,0.23515846465692025
1386.0,224.0,2577.834406137875,2216.7512886940353,90.0,7.454144897937187,3.992135932388726,0.22451658794595192
1386.0,225.0,2577.334406137875,2217.61731409782,90.0,7.452787123382492,3.993651491858354,0.2138747112349836
1386.0,226.0,2576.834406137875,2218.4833395016044,90.0,7.451429348827795,3.9951670513279818,0.20323283452401533
1386.0,227.0,2576.334406137875,2219.349364905389,90.0,7.450849463565761,3.9975568154336463,0.19226503679835746
1386.0,228.0,2575.834406137875,2220.215390309173,90.0,7.453381135474385,4.00344339808346,0.17999355501394107
1386.0,229.0,2575.334406137875,2221.0814157129576,90.0,7.455912807383007,4.009329980733273,0.16772207322952473
1386.0,230.0,2574.834406137875,2221.947441116742,90.0,7.4584444792916305,4.0152165633830865,0.15545059144510834
1386.0,231.0,2574.334406137875,2222.8134665205266,90.0,7.460976151200254,4.0211031460329005,0.14317910966069194
1386.0,232.0,2573.834406137875,2223.679491924311,90.0,7.463507823108878,4.0269897286827145,0.1309076278762756
1386.0,233.0,2573.334406137875,2224.5455173280952,90.0,7.4660394950175,4.032876311332528,0.11863614609185918
1386.0,234.0,2572.834406137875,2225.4115427318798,90.0,7.473108717278258,4.0394948370258055,0.10447913641740515
1386.0,235.0,2572.334406137875,2226.2775681356643,90.0,7.480682111800366,4.046194689723912,0.09011262364405813
1386.0,236.0,2571.834406137875,2227.143593539449,90.0,7.488255506322475,4.052894542422019,0.07574611087071113
1386.0,237.0,2571.334406137875,2228.0096189432334,90.0,7.49582890084458,4.059594395120126,0.06137959809736409
1386.0,238.0,2570.834406137875,2228.8756443470174,90.0,7.503402295366687,4.066294247818233,0.04701308532401706
1386.0,239.0,2570.334406137875,2229.741669750802,90.0,7.510975689888795,4.07299410051634,0.03264657255067004
1386.0,240.0,2569.834406137875,2230.6076951545865,90.0,7.521585736954795,4.079291769474086,0.018161120699933232
1386.0,241.0,2569.334406137875,2231.473720558371,90.0,7.534220219050058,4.085321315938258,0.0035963761309365534
1386.0,242.0,2568.834406137875,2232.3397459621556,90.0,7.546854701145321,4.09135086240243,-0.010968368438060129
1386.0,243.0,2568.334406137875,2233.2057713659397,90.0,7.559489183240583,4.097380408866602,-0.0255331130070568
1386.0,244.0,2567.834406137875,2234.071796769724,90.0,7.572123665335846,4.103409955330775,-0.04009785757605349
1386.0,245.0,2567.334406137875,2234.9378221735087,90.0,7.584758147431108,4.109439501794947,-0.054662602145050164
1386.0,246.0,2566.834406137875,2235.8038475772933,90.0,7.598304834064964,4.115638184610308,-0.06715146829364307
1386.0,247.0,2566.334406137875,2236.669872981078,90.0,7.613979997955542,4.12223151891178,-0.07479661812796144
1386.0,248.0,2565.834406137875,2237.535898384862,90.0,7.629655161846119,4.128824853213253,-0.08244176796227982
1386.0,249.0,2565.334406137875,2238.4019237886464,90.0,7.645330325736695,4.135418187514724,-0.0900869177965982
1386.0,250.0,2564.834406137875,2239.267949192431,90.0,7.661005489627272,4.142011521816196,-0.09773206763091656
1386.0,251.0,2564.334406137875,2240.1339745962155,90.0,7.676680653517849,4.148604856117668,-0.10537721746523496
1386.0,252.0,2563.834406137875,2241.0,90.0,7.692355817408425,4.1551981904191395,-0.11302236729955333
1386.0,253.0,2563.334406137875,2241.866025403784,90.0,7.708153656174941,4.163287086746546,-0.11265946425190274
1386.0,254.0,2562.834406137875,2242.7320508075686,90.0,7.723951494941461,4.171375983073953,-0.11229656120425216
1386.0,255.0,2562.334406137875,2243.598076211353,90.0,7.7397493337079775,4.17946487940136,-0.11193365815660157
1386.0,256.0,2561.834406137875,2244.4641016151377,90.0,7.755547172474496,4.187553775728767,-0.111570755108951
1386.0,257.0,2561.334406137875,2245.330127018922,90.0,7.771345011241013,4.195642672056174,-0.1112078520613004
1386.0,258.0,2560.834406137875,2246.1961524227063,90.0,7.7871428500075295,4.20373156838358,-0.11084494901364983
1386.0,259.0,2560.334406137875,2247.062177826491,90.0,7.804137191963112,4.214266069235979,-0.11001164461361067
1386.0,260.0,2559.834406137875,2247.9282032302754,90.0,7.821644320999723,4.225848686313377,-0.10897673963397635
1386.0,261.0,2559.334406137875,2248.79422863406,90.0,7.839151450036331,4.237431303390774,-0.107941834654342
1386.0,262.0,2558.834406137875,2249.660254037844,90.0,7.856658579072941,4.24901392046817,-0.10690692967470768
1386.0,263.0,2558.334406137875,2250.5262794416285,90.0,7.874165708109552,4.260596537545567,-0.10587202469507336
1386.0,264.0,2557.834406137875,2251.392304845413,90.0,7.891672837146161,4.272179154622964,-0.10483711971543902
1386.0,265.0,2557.334406137875,2252.2583302491976,90.0,7.911208001575041,4.285103019611086,-0.10557938914949858
1386.0,266.0,2556.834406137875,2253.124355652982,90.0,7.933785219092322,4.300038756465302,-0.10898742020409856
1386.0,267.0,2556.334406137875,2253.990381056766,90.0,7.956362436609604,4.314974493319516,-0.11239545125869856
1386.0,268.0,2555.834406137875,2254.8564064605507,90.0,7.978939654126886,4.329910230173731,-0.11580348231329854
1386.0,269.0,2555.334406137875,2255.7224318643352,90.0,8.001516871644167,4.344845967027944,-0.11921151336789851
1386.0,270.0,2554.834406137875,2256.58845726812,90.0,8.024094089161448,4.359781703882159,-0.1226195444224985
1386.0,271.0,2554.334406137875,2257.4544826719043,90.0,8.047023064371617,4.3747784248321775,-0.1264095728556324
1386.0,272.0,2553.834406137875,2258.3205080756884,90.0,8.07311785881776,4.39032400264445,-0.133637577695573
1386.0,273.0,2553.334406137875,2259.186533479473,90.0,8.099212653263901,4.40586958045672,-0.1408655825355136
1386.0,274.0,2552.834406137875,2260.0525588832575,90.0,8.125307447710043,4.421415158268992,-0.14809358737545417
1386.0,275.0,2552.334406137875,2260.918584287042,90.0,8.151402242156186,4.436960736081263,-0.15532159221539474
1386.0,276.0,2551.834406137875,2261.784609690826,90.0,8.177497036602329,4.452506313893533,-0.16254959705533534
1386.0,277.0,2551.334406137875,2262.6506350946106,90.0,8.203591831048472,4.468051891705804,-0.16977760189527588
1386.0,278.0,2550.834406137875,2263.516660498395,90.0,8.231418203856,4.484279294406479,-0.17830838429869317
1386.0,279.0,2550.334406137875,2264.3826859021797,90.0,8.259677471253875,4.500677153329251,-0.18716486109297958
1386.0,280.0,2549.834406137875,2265.248711305964,90.0,8.287936738651752,4.5170750122520245,-0.19602133788726595
1386.0,281.0,2549.334406137875,2266.1147367097483,90.0,8.316196006049626,4.533472871174799,-0.20487781468155242
1386.0,282.0,2548.834406137875,2266.980762113533,90.0,8.344455273447503,4.549870730097572,-0.21373429147583878
1386.0,283.0,2548.334406137875,2267.8467875173174,90.0,8.372714540845378,4.566268589020346,-0.22259076827012522
1386.0,284.0,2547.834406137875,2268.712812921102,90.0,8.40146802433413,4.583619815350253,-0.22993690455731958
1386.0,285.0,2547.334406137875,2269.5788383248864,90.0,8.430715723913762,4.601924409087293,-0.2357727003374215
1386.0,286.0,2546.834406137875,2270.4448637286705,90.0,8.45996342349339,4.620229002824335,-0.2416084961175235
1386.0,287.0,2546.334406137875,2271.310889132455,90.0,8.48921112307302,4.638533596561374,-0.24744429189762546
1386.0,288.0,2545.834406137875,2272.1769145362396,90.0,8.51845882265265,4.656838190298415,-0.2532800876777274
1386.0,289.0,2545.334406137875,2273.042939940024,90.0,8.547706522232279,4.675142784035456,-0.2591158834578294
1386.0,290.0,2544.834406137875,2273.9089653438086,90.0,8.576942478264392,4.693686710888188,-0.26400810155316345
1386.0,291.0,2544.334406137875,2274.7749907475927,90.0,8.606131460106432,4.713187970203691,-0.26512600890942467
1386.0,292.0,2543.834406137875,2275.6410161513772,90.0,8.635320441948474,4.732689229519194,-0.2662439162656858
1386.0,293.0,2543.334406137875,2276.507041555162,90.0,8.664509423790516,4.752190488834697,-0.267361823621947
1386.0,294.0,2542.834406137875,2277.3730669589463,90.0,8.693698405632558,4.771691748150201,-0.2684797309782081
1386.0,295.0,2542.334406137875,2278.239092362731,90.0,8.7228873874746,4.791193007465704,-0.26959763833446926
1386.0,296.0,2541.834406137875,2279.105117766515,90.0,8.752076369316642,4.810694266781207,-0.2707155456907305
1386.0,297.0,2541.334406137875,2279.9711431702995,90.0,8.780337903013766,4.8307254333555285,-0.26680517615151034
1386.0,298.0,2540.834406137875,2280.837168574084,90.0,8.808496386917014,4.850815478514163,-0.26233610917945893
1386.0,299.0,2540.334406137875,2281.7031939778685,90.0,8.83665487082026,4.870905523672798,-0.25786704220740747
1386.0,300.0,2539.834406137875,2282.569219381653,90.0,8.864813354723504,4.890995568831433,-0.25339797523535607
1386.0,301.0,2539.334406137875,2283.435244785437,90.0,8.89297183862675,4.911085613990068,-0.24892890826330458
1386.0,302.0,2538.834406137875,2284.3012701892217,90.0,8.921130322529997,4.931175659148703,-0.24445984129125317
1386.0,303.0,2538.334406137875,2285.167295593006,90.0,8.949992198393934,4.950920933761575,-0.23853651923166577
1386.0,304.0,2537.834406137875,2286.0333209967907,90.0,8.979323002231666,4.970436361343937,-0.23164369378038735
1386.0,305.0,2537.334406137875,2286.8993464005753,90.0,9.008653806069399,4.989951788926299,-0.22475086832910893
1386.0,306.0,2536.834406137875,2287.7653718043593,90.0,9.037984609907129,5.0094672165086624,-0.2178580428778305
1386.0,307.0,2536.334406137875,2288.631397208144,90.0,9.067315413744861,5.028982644091025,-0.21096521742655214
1386.0,308.0,2535.834406137875,2289.4974226119284,90.0,9.096646217582594,5.048498071673388,-0.20407239197527371
1386.0,309.0,2535.334406137875,2290.363448015713,90.0,9.125835251671433,5.067178530950821,-0.19685052126908084
1386.0,310.0,2534.834406137875,2291.2294734194975,90.0,9.154693489679516,5.0839107308500875,-0.18886087830142104
1386.0,311.0,2534.334406137875,2292.0954988232816,90.0,9.183551727687606,5.1006429307493555,-0.18087123533376126
1386.0,312.0,2533.834406137875,2292.961524227066,90.0,9.21240996569569,5.117375130648622,-0.1728815923661014
1386.0,313.0,2533.334406137875,2293.8275496308506,90.0,9.241268203703777,5.134107330547889,-0.16489194939844162
1386.0,314.0,2532.834406137875,2294.693575034635,90.0,9.270126441711863,5.150839530447157,-0.1569023064307818
1386.0,315.0,2532.334406137875,2295.5596004384192,90.0,9.298984679719949,5.167571730346423,-0.14891266346312199
1386.0,316.0,2531.834406137875,2296.4256258422038,90.0,9.326198108066281,5.1832626297452995,-0.14312363531848363
1386.0,317.0,2531.334406137875,2297.2916512459883,90.0,9.353411536412608,5.198953529144175,-0.13733460717384538
1386.0,318.0,2530.834406137875,2298.157676649773,90.0,9.380624964758939,5.21464442854305,-0.1315455790292072
1386.0,319.0,2530.334406137875,2299.0237020535574,90.0,9.40783839310527,5.230335327941926,-0.12575655088456897
1386.0,320.0,2529.834406137875,2299.8897274573415,90.0,9.4350518214516,5.246026227340802,-0.11996752273993075
1386.0,321.0,2529.334406137875,2300.755752861126,90.0,9.462265249797927,5.2617171267396765,-0.11417849459529252
1386.0,322.0,2528.834406137875,2301.6217782649105,90.0,9.488115419886235,5.278093473581017,-0.11387602583168276
1386.0,323.0,2528.334406137875,2302.487803668695,90.0,9.513381336435389,5.294763583611986,-0.11592493965994377
1386.0,324.0,2527.834406137875,2303.353829072479,90.0,9.538647252984543,5.311433693642954,-0.11797385348820473
1386.0,325.0,2527.334406137875,2304.2198544762637,90.0,9.563913169533697,5.328103803673923,-0.12002276731646576
1386.0,326.0,2526.834406137875,2305.085879880048,90.0,9.58917908608285,5.344773913704891,-0.12207168114472675
1386.0,327.0,2526.334406137875,2305.9519052838327,90.0,9.614445002632005,5.361444023735859,-0.12412059497298772
1386.0,328.0,2525.834406137875,2306.8179306876173,90.0,9.637744250087229,5.377909653417839,-0.12785204875221573
1386.0,329.0,2525.334406137875,2307.6839560914013,90.0,9.658093493901553,5.394068562576337,-0.13410731245789434
1386.0,330.0,2524.834406137875,2308.549981495186,90.0,9.678442737715882,5.410227471734836,-0.14036257616357303
1386.0,331.0,2524.334406137875,2309.4160068989704,90.0,9.698791981530208,5.426386380893335,-0.14661783986925173
1386.0,332.0,2523.834406137875,2310.282032302755,90.0,9.719141225344533,5.442545290051832,-0.1528731035749304
1386.0,333.0,2523.334406137875,2311.1480577065395,90.0,9.73949046915886,5.458704199210331,-0.15912836728060906
1386.0,334.0,2522.834406137875,2312.0140831103236,90.0,9.759711760541158,5.474796781504628,-0.16512254253999892
1386.0,335.0,2522.334406137875,2312.880108514108,90.0,9.778781480035203,5.490292422021106,-0.16876692178278718
1386.0,336.0,2521.834406137875,2313.7461339178926,90.0,9.797851199529246,5.505788062537582,-0.17241130102557542
1386.0,337.0,2521.334406137875,2314.612159321677,90.0,9.816920919023287,5.521283703054061,-0.17605568026836363
1386.0,338.0,2520.834406137875,2315.4781847254617,90.0,9.835990638517332,5.536779343570538,-0.17970005951115184
1386.0,339.0,2520.334406137875,2316.3442101292458,90.0,9.855060358011375,5.552274984087017,-0.18334443875394013
1386.0,340.0,2519.834406137875,2317.2102355330303,90.0,9.874130077505418,5.567770624603495,-0.18698881799672834
1386.0,341.0,2519.334406137875,2318.076260936815,90.0,9.895617169091434,5.583830241230116,-0.18806678244437705
1386.0,342.0,2518.834406137875,2318.9422863405994,90.0,9.917708603700444,5.600030851884272,-0.18850314319324069
1386.0,343.0,2518.334406137875,2319.808311744384,90.0,9.939800038309452,5.616231462538428,-0.18893950394210435
1386.0,344.0,2517.834406137875,2320.674337148168,90.0,9.961891472918463,5.632432073192585,-0.18937586469096798
1386.0,345.0,2517.334406137875,2321.5403625519525,90.0,9.983982907527471,5.648632683846741,-0.18981222543983162
1386.0,346.0,2516.834406137875,2322.406387955737,90.0,10.006074342136479,5.664833294500898,-0.19024858618869528
1386.0,347.0,2516.334406137875,2323.2724133595216,90.0,10.030089957559843,5.681312811949267,-0.19087650395926123
1386.0,348.0,2515.834406137875,2324.138438763306,90.0,10.056029753797567,5.698071236191848,-0.19169597875152963
1386.0,349.0,2515.334406137875,2325.00446416709,90.0,10.081969550035293,5.71482966043443,-0.19251545354379804
1386.0,350.0,2514.834406137875,2325.8704895708747,90.0,10.107909346273013,5.731588084677011,-0.1933349283360664
1386.0,351.0,2514.334406137875,2326.7365149746593,90.0,10.133849142510737,5.748346508919592,-0.19415440312833476
1386.0,352.0,2513.834406137875,2327.602540378444,90.0,10.15978893874846,5.765104933162174,-0.1949738779206031
1386.0,353.0,2513.334406137875,2328.4685657822283,90.0,10.185692373166475,5.781275539801759,-0.19629774063546437
1386.0,354.0,2512.834406137875,2329.3345911860124,90.0,10.211450360305662,5.795094876029354,-0.19963915504069868
1386.0,355.0,2512.334406137875,2330.200616589797,90.0,10.237208347444849,5.80891421225695,-0.202980569445933
1386.0,356.0,2511.834406137875,2331.0666419935815,90.0,10.262966334584041,5.822733548484547,-0.20632198385116737
1386.0,357.0,2511.334406137875,2331.932667397366,90.0,10.288724321723226,5.836552884712142,-0.20966339825640168
1386.0,358.0,2510.834406137875,2332.7986928011505,90.0,10.314482308862415,5.850372220939739,-0.21300481266163604
1386.0,359.0,2510.334406137875,2333.6647182049346,90.0,10.340240296001605,5.8641915571673335,-0.21634622706687034
1386.0,360.0,2509.834406137875,2334.530743608719,90.0,10.361832833360216,5.8744245624636635,-0.21997880618422222
1386.0,361.0,2509.334406137875,2335.3967690125037,90.0,10.382962542965434,5.884259086545409,-0.22364373693625392
1386.0,362.0,2508.834406137875,2336.262794416288,90.0,10.40409225257065,5.894093610627153,-0.22730866768828553
1386.0,363.0,2508.334406137875,2337.1288198200723,90.0,10.425221962175865,5.903928134708897,-0.23097359844031717
1386.0,364.0,2507.834406137875,2337.994845223857,90.0,10.446351671781079,5.913762658790641,-0.2346385291923488
1386.0,365.0,2507.334406137875,2338.8608706276414,90.0,10.467481381386294,5.923597182872386,-0.23830345994438046
1386.0,366.0,2506.834406137875,2339.726896031426,90.0,10.483408768836414,5.930959030021748,-0.24086911383205076
1386.0,367.0,2506.334406137875,2340.5929214352104,90.0,10.495867941516474,5.936672425882858,-0.24270191647681308
1386.0,368.0,2505.834406137875,2341.4589468389945,90.0,10.508327114196534,5.942385821743965,-0.2445347191215754
1386.0,369.0,2505.334406137875,2342.324972242779,90.0,10.52078628687659,5.948099217605073,-0.24636752176633772
1386.0,370.0,2504.834406137875,2343.1909976465636,90.0,10.533245459556648,5.953812613466181,-0.24820032441110004
1386.0,371.0,2504.334406137875,2344.057023050348,90.0,10.545704632236705,5.9595260093272895,-0.2500331270558624
1386.0,372.0,2503.834406137875,2344.923048454132,90.0,10.556009304691116,5.96428704534558,-0.25130436922503246
1386.0,373.0,2503.334406137875,2345.7890738579167,90.0,10.56128680995236,5.966825908397298,-0.2512653036178205
1386.0,374.0,2502.834406137875,2346.6550992617013,90.0,10.566564315213606,5.969364771449018,-0.25122623801060845
1386.0,375.0,2502.334406137875,2347.521124665486,90.0,10.571841820474848,5.971903634500735,-0.2511871724033965
1386.0,376.0,2501.834406137875,2348.3871500692703,90.0,10.57711932573609,5.974442497552453,-0.25114810679618454
1386.0,377.0,2501.334406137875,2349.2531754730544,90.0,10.582396830997334,5.976981360604171,-0.25110904118897254
1386.0,378.0,2500.834406137875,2350.119200876839,90.0,10.587674336258578,5.979520223655889,-0.2510699755817606
1386.0,379.0,2500.334406137875,2350.9852262806235,90.0,10.59071223434737,5.980958619774715,-0.2500348154563576
1386.0,380.0,2499.834406137875,2351.851251684408,90.0,10.593750132436162,5.982397015893542,-0.24899965533095444
1386.0,381.0,2499.334406137875,2352.7172770881925,90.0,10.596788030524953,5.983835412012368,-0.24796449520555133
1386.0,382.0,2498.834406137875,2353.5833024919766,90.0,10.599825928613745,5.9852738081311925,-0.24692933508014822
1386.0,383.0,2498.334406137875,2354.449327895761,90.0,10.602863826702537,5.986712204250019,-0.2458941749547451
1386.0,384.0,2497.834406137875,2355.3153532995457,90.0,10.605901724791327,5.9881506003688445,-0.24485901482934197
1386.0,385.0,2497.334406137875,2356.18137870333,90.0,10.609376467346772,5.98963352435548,-0.24367999495748566
1386.0,386.0,2496.834406137875,2357.0474041071147,90.0,10.613038428959353,5.991135531714036,-0.24243932090857795
1386.0,387.0,2496.334406137875,2357.913429510899,90.0,10.616700390571934,5.99263753907259,-0.24119864685967018
1386.0,388.0,2495.834406137875,2358.7794549146834,90.0,10.620362352184513,5.994139546431145,-0.23995797281076248
1386.0,389.0,2495.334406137875,2359.645480318468,90.0,10.624024313797095,5.995641553789701,-0.23871729876185474
1386.0,390.0,2494.834406137875,2360.5115057222524,90.0,10.627686275409674,5.997143561148256,-0.237476624712947
1386.0,391.0,2494.334406137875,2361.377531126037,90.0,10.631004452617164,5.998742366223212,-0.2360535409264233
1386.0,392.0,2493.834406137875,2362.243556529821,90.0,10.633806953217011,6.0004863678727665,-0.23435684253347558
1386.0,393.0,2493.334406137875,2363.1095819336056,90.0,10.636609453816856,6.002230369522322,-0.23266014414052782
1386.0,394.0,2492.834406137875,2363.97560733739,90.0,10.639411954416707,6.0039743711718785,-0.23096344574758013
1386.0,395.0,2492.334406137875,2364.8416327411746,90.0,10.642214455016553,6.005718372821433,-0.2292667473546324
1386.0,396.0,2491.834406137875,2365.707658144959,90.0,10.6450169556164,6.007462374470989,-0.22757004896168467
1386.0,397.0,2491.334406137875,2366.5736835487432,90.0,10.647611052564253,6.00919298736453,-0.22582661754021427
1386.0,398.0,2490.834406137875,2367.439708952528,90.0,10.648329516644129,6.010803101453944,-0.2236625888620389
1386.0,399.0,2490.334406137875,2368.3057343563123,90.0,10.649047980724001,6.012413215543358,-0.22149856018386355
1386.0,400.0,2489.834406137875,2369.171759760097,90.0,10.649766444803877,6.014023329632771,-0.2193345315056882
1386.0,401.0,2489.334406137875,2370.0377851638814,90.0,10.650484908883751,6.015633443722185,-0.2171705028275128
1386.0,402.0,2488.834406137875,2370.9038105676655,90.0,10.651203372963627,6.017243557811598,-0.21500647414933743
1386.0,403.0,2488.334406137875,2371.76983597145,90.0,10.651921837043503,6.018853671901011,-0.21284244547116207
1386.0,404.0,2487.834406137875,2372.6358613752345,90.0,10.651622467053704,6.020063755004194,-0.21172428309598426
1386.0,405.0,2487.334406137875,2373.501886779019,90.0,10.651068638546493,6.021173830360819,-0.21086758729655602
1386.0,406.0,2486.834406137875,2374.3679121828036,90.0,10.650514810039278,6.022283905717443,-0.21001089149712776
1386.0,407.0,2486.334406137875,2375.2339375865877,90.0,10.649960981532065,6.023393981074067,-0.20915419569769955
1386.0,408.0,2485.834406137875,2376.099962990372,90.0,10.649407153024852,6.024504056430691,-0.2082974998982713
1386.0,409.0,2485.334406137875,2376.9659883941567,90.0,10.64885332451764,6.025614131787315,-0.20744080409884302
1386.0,410.0,2484.834406137875,2377.8320137979413,90.0,10.648430231813268,6.026694885624329,-0.20703636916961507
1386.0,411.0,2484.334406137875,2378.6980392017254,90.0,10.648137874911741,6.027746317941734,-0.20708419511058765
1386.0,412.0,2483.834406137875,2379.56406460551,90.0,10.647845518010215,6.028797750259138,-0.20713202105156023
1386.0,413.0,2483.334406137875,2380.4300900092944,90.0,10.647553161108686,6.029849182576543,-0.20717984699253278
1386.0,414.0,2482.834406137875,2381.296115413079,90.0,10.647260804207162,6.030900614893948,-0.20722767293350536
1386.0,415.0,2482.334406137875,2382.1621408168635,90.0,10.646968447305634,6.031952047211353,-0.20727549887447794
1386.0,416.0,2481.834406137875,2383.0281662206476,90.0,10.64665749955677,6.0330077850636865,-0.20721991835712603
1386.0,417.0,2481.334406137875,2383.894191624432,90.0,10.646272188418576,6.0340807450557365,-0.20675071200647585
1386.0,418.0,2480.834406137875,2384.7602170282166,90.0,10.64588687728038,6.035153705047787,-0.20628150565582562
1386.0,419.0,2480.334406137875,2385.626242432001,90.0,10.645501566142185,6.0362266650398375,-0.2058122993051754
1386.0,420.0,2479.834406137875,2386.4922678357852,90.0,10.645116255003988,6.0372996250318876,-0.20534309295452516
1386.0,421.0,2479.334406137875,2387.35829323957,90.0,10.644730943865794,6.0383725850239385,-0.20487388660387496
1386.0,422.0,2478.834406137875,2388.2243186433543,90.0,10.644345632727596,6.0394455450159885,-0.20440468025322472
1386.0,423.0,2478.334406137875,2389.090344047139,90.0,10.64368246378436,6.040486142364936,-0.20372502795952172
1386.0,424.0,2477.834406137875,2389.9563694509234,90.0,10.642988421751676,6.041523143864652,-0.20302199278325728
1386.0,425.0,2477.334406137875,2390.8223948547075,90.0,10.642294379718994,6.042560145364368,-0.2023189576069928
1386.0,426.0,2476.834406137875,2391.688420258492,90.0,10.641600337686306,6.043597146864084,-0.20161592243072832
1386.0,427.0,2476.334406137875,2392.5544456622765,90.0,10.640906295653622,6.044634148363799,-0.20091288725446385
1386.0,428.0,2475.834406137875,2393.420471066061,90.0,10.640212253620938,6.045671149863513,-0.20020985207819939
1386.0,429.0,2475.334406137875,2394.2864964698456,90.0,10.639473301057045,6.046471722544205,-0.19989852254383797
1386.0,430.0,2474.834406137875,2395.1525218736297,90.0,10.638704408139008,6.047114676012213,-0.1998483301040788
1386.0,431.0,2474.334406137875,2396.018547277414,90.0,10.637935515220969,6.0477576294802216,-0.19979813766431956
1386.0,432.0,2473.834406137875,2396.8845726811987,90.0,10.637166622302932,6.048400582948229,-0.19974794522456038
1386.0,433.0,2473.334406137875,2397.7505980849833,90.0,10.636397729384898,6.049043536416239,-0.1996977527848012
1386.0,434.0,2472.834406137875,2398.616623488768,90.0,10.63562883646686,6.049686489884246,-0.199647560345042
1386.0,435.0,2472.334406137875,2399.482648892552,90.0,10.634702171147955,6.050000608719636,-0.19946757067485527
1386.0,436.0,2471.834406137875,2400.3486742963364,90.0,10.633407370227028,6.049547446745584,-0.1989847208003373
1386.0,437.0,2471.334406137875,2401.214699700121,90.0,10.632112569306097,6.049094284771531,-0.19850187092581936
1386.0,438.0,2470.834406137875,2402.0807251039055,90.0,10.630817768385166,6.048641122797477,-0.19801902105130134
1386.0,439.0,2470.334406137875,2402.94675050769,90.0,10.629522967464233,6.048187960823424,-0.1975361711767834
1386.0,440.0,2469.834406137875,2403.812775911474,90.0,10.628228166543305,6.047734798849371,-0.1970533213022654
1386.0,441.0,2469.334406137875,2404.6788013152586,90.0,10.626933365622373,6.047281636875317,-0.19657047142774742
1386.0,442.0,2468.834406137875,2405.544826719043,90.0,10.625347201188555,6.0459741257697095,-0.194911673451207
1386.0,443.0,2468.334406137875,2406.4108521228277,90.0,10.623761036754734,6.044666614664101,-0.19325287547466666
1386.0,444.0,2467.834406137875,2407.276877526612,90.0,10.622174872320915,6.043359103558492,-0.19159407749812632
1386.0,445.0,2467.334406137875,2408.1429029303963,90.0,10.620588707887096,6.042051592452885,-0.18993527952158598
1386.0,446.0,2466.834406137875,2409.008928334181,90.0,10.619002543453275,6.040744081347277,-0.1882764815450456
1386.0,447.0,2466.334406137875,2409.8749537379654,90.0,10.617416379019456,6.0394365702416675,-0.18661768356850522
1386.0,448.0,2465.834406137875,2410.74097914175,90.0,10.615485556032477,6.03792588140448,-0.18492395294157757
1386.0,449.0,2465.334406137875,2411.6070045455344,90.0,10.613407022236997,6.036328116396615,-0.1832152511787696
1386.0,450.0,2464.834406137875,2412.4730299493185,90.0,10.611328488441513,6.03473035138875,-0.1815065494159616
1386.0,451.0,2464.334406137875,2413.339055353103,90.0,10.609249954646033,6.033132586380885,-0.17979784765315363
1386.0,452.0,2463.834406137875,2414.2050807568876,90.0,10.607171420850554,6.031534821373021,-0.17808914589034566
1386.0,453.0,2463.334406137875,2415.071106160672,90.0,10.605092887055072,6.0299370563651555,-0.17638044412753767
1386.0,454.0,2462.834406137875,2415.9371315644566,90.0,10.602137985205026,6.028244892962753,-0.1749889537011875
1386.0,455.0,2462.334406137875,2416.8031569682407,90.0,10.597868531273125,6.026411131968544,-0.17407328027952398
1386.0,456.0,2461.834406137875,2417.6691823720253,90.0,10.593599077341224,6.024577370974335,-0.17315760685786052
1386.0,457.0,2461.334406137875,2418.53520777581,90.0,10.589329623409325,6.022743609980127,-0.172241933436197
1386.0,458.0,2460.834406137875,2419.4012331795943,90.0,10.585060169477424,6.020909848985918,-0.17132626001453347
1386.0,459.0,2460.334406137875,2420.2672585833784,90.0,10.580790715545525,6.019076087991709,-0.17041058659286995
1386.0,460.0,2459.834406137875,2421.133283987163,90.0,10.576373046725118,6.01724539357317,-0.16952982133062008
1386.0,461.0,2459.334406137875,2421.9993093909475,90.0,10.570621443908172,6.015442298335649,-0.16896322950309314
1386.0,462.0,2458.834406137875,2422.865334794732,90.0,10.564869841091227,6.013639203098128,-0.16839663767556617
1386.0,463.0,2458.334406137875,2423.7313601985165,90.0,10.559118238274278,6.011836107860608,-0.16783004584803923
1386.0,464.0,2457.834406137875,2424.5973856023006,90.0,10.553366635457332,6.010033012623088,-0.16726345402051226
1386.0,465.0,2457.334406137875,2425.463411006085,90.0,10.547615032640385,6.008229917385568,-0.1666968621929853
1386.0,466.0,2456.834406137875,2426.3294364098697,90.0,10.541863429823438,6.006426822148047,-0.16613027036545833
1386.0,467.0,2456.334406137875,2427.195461813654,90.0,10.536303863006554,6.004956784898793,-0.16545054672971146
1386.0,468.0,2455.834406137875,2428.0614872174383,90.0,10.530792305189685,6.003570012146604,-0.16474254014190956
1386.0,469.0,2455.334406137875,2428.927512621223,90.0,10.525280747372816,6.002183239394414,-0.16403453355410766
1386.0,470.0,2454.834406137875,2429.7935380250074,90.0,10.519769189555946,6.000796466642226,-0.16332652696630579
1386.0,471.0,2454.334406137875,2430.659563428792,90.0,10.514257631739076,5.999409693890037,-0.16261852037850388
1386.0,472.0,2453.834406137875,2431.5255888325764,90.0,10.508746073922206,5.998022921137848,-0.161910513790702
1386.0,473.0,2453.334406137875,2432.3916142363605,90.0,10.503144218022744,5.99663509578561,-0.16093867194396946
1386.0,474.0,2452.834406137875,2433.257639640145,90.0,10.497452064040687,5.9952462178333255,-0.15970299483830627
1386.0,475.0,2452.334406137875,2434.1236650439296,90.0,10.49175991005863,5.99385733988104,-0.15846731773264308
1386.0,476.0,2451.834406137875,2434.989690447714,90.0,10.486067756076572,5.992468461928754,-0.15723164062697986
1386.0,477.0,2451.334406137875,2435.8557158514986,90.0,10.480375602094515,5.991079583976469,-0.1559959635213167
1386.0,478.0,2450.834406137875,2436.7217412552827,90.0,10.47468344811246,5.989690706024183,-0.1547602864156535
1386.0,479.0,2450.334406137875,2437.5877666590673,90.0,10.46881678915627,5.988340062577457,-0.15357875166889465
1386.0,480.0,2449.834406137875,2438.453792062852,90.0,10.462252110303552,5.98714235715297,-0.15261378635775316
1386.0,481.0,2449.334406137875,2439.3198174666363,90.0,10.455687431450833,5.985944651728484,-0.15164882104661165
1386.0,482.0,2448.834406137875,2440.185842870421,90.0,10.449122752598116,5.9847469463039955,-0.15068385573547013
1386.0,483.0,2448.334406137875,2441.051868274205,90.0,10.442558073745397,5.983549240879508,-0.14971889042432862
1386.0,484.0,2447.834406137875,2441.9178936779895,90.0,10.43599339489268,5.982351535455023,-0.14875392511318714
1386.0,485.0,2447.334406137875,2442.783919081774,90.0,10.429428716039961,5.981153830030535,-0.14778895980204562
1386.0,486.0,2446.834406137875,2443.6499444855585,90.0,10.423418039184865,5.980768391199808,-0.14863201476445725
1386.0,487.0,2446.334406137875,2444.515969889343,90.0,10.417468918107282,5.980473204212833,-0.14967596086837476
1386.0,488.0,2445.834406137875,2445.381995293127,90.0,10.4115197970297,5.9801780172258585,-0.15071990697229223
1386.0,489.0,2445.334406137875,2446.2480206969117,90.0,10.405570675952115,5.979882830238882,-0.15176385307620974
1386.0,490.0,2444.834406137875,2447.114046100696,90.0,10.399621554874532,5.979587643251906,-0.1528077991801272
1386.0,491.0,2444.334406137875,2447.9800715044807,90.0,10.393672433796949,5.979292456264932,-0.15385174528404474
1386.0,492.0,2443.834406137875,2448.8460969082653,90.0,10.388834978966845,5.979264449661665,-0.15565798814288315
1386.0,493.0,2443.334406137875,2449.7121223120494,90.0,10.384738634968391,5.979414563314205,-0.15797242883833554
1386.0,494.0,2442.834406137875,2450.578147715834,90.0,10.38064229096994,5.979564676966745,-0.16028686953378793
1386.0,495.0,2442.334406137875,2451.4441731196184,90.0,10.376545946971486,5.979714790619285,-0.16260131022924032
1386.0,496.0,2441.834406137875,2452.310198523403,90.0,10.372449602973036,5.9798649042718255,-0.16491575092469277
1386.0,497.0,2441.334406137875,2453.1762239271875,90.0,10.368353258974583,5.980015017924366,-0.16723019162014513
1386.0,498.0,2440.834406137875,2454.0422493309716,90.0,10.36427204226372,5.980038061474831,-0.16949563119401326
1386.0,499.0,2440.334406137875,2454.908274734756,90.0,10.36022612255722,5.979764608120455,-0.17164673481751805
1386.0,500.0,2439.834406137875,2455.7743001385406,90.0,10.356180202850728,5.979491154766079,-0.17379783844102276
1386.0,501.0,2439.334406137875,2456.640325542325,90.0,10.352134283144233,5.979217701411701,-0.17594894206452755
1386.0,502.0,2438.834406137875,2457.5063509461097,90.0,10.348088363437737,5.978944248057327,-0.17810004568803228
1386.0,503.0,2438.334406137875,2458.372376349894,90.0,10.344042443731244,5.97867079470295,-0.18025114931153705
1386.0,504.0,2437.834406137875,2459.2384017536783,90.0,10.339996524024746,5.978397341348574,-0.1824022529350418
